Brand,Description,Price,Size,Volume,Classification,PurchasePrice,VendorNumber,VendorName
40837,JJ Prum Graacher Himel Rsl K,29.99,750mL,750,2,19.73,10754,PERFECTA WINES             
31083,Stags Leap Chard Napa,28.99,750mL,750,2,18.66,8673,STE MICHELLE WINE ESTATES  
9090,Harmon Buffalo Trace Barrel,24.99,750mL,750,1,18.93,8004,SAZERAC CO INC             
1425,Granite Lightning Whiskey,27.99,750mL,750,1,20.73,28750,SMOKY QUARTZ DISTILLERY LLC
44179,Three Saints Snt Mria Pnt Nr,19.99,750mL,750,2,13.24,4425,MARTIGNETTI COMPANIES
34144,Capanna Brunello Montalcino,49.99,750mL,750,2,28.1,10754,PERFECTA WINES             
1639,The Famous Grouse,22.99,750mL,750,1,15.74,2561,EDRINGTON AMERICAS         
33149,Alamos Ridge Malbec Mendoza,8.99,750mL,750,2,4.79,3252,E & J GALLO WINERY         
24712,Ennuk Red Terra Alta,18.99,750mL,750,2,12.25,90024,VINILANDIA USA             
4816,Very Old Barton,12.99,750mL,750,1,9.77,660,SAZERAC NORTH AMERICA INC. 
3859,Smirnoff 80 Proof,8.99,375mL,375,1,6.81,3960,DIAGEO NORTH AMERICA INC   
17200,Leese-Fitch Pnt Nr,12.99,750mL,750,2,8.78,653,STATE WINE & SPIRITS   
28038,Andre Spumante Calif,5.99,750mL,750,2,3.71,3252,E & J GALLO WINERY         
46446,Vendange Wh Znfdl,3.99,500mL,500,2,2.75,1392,CONSTELLATION BRANDS INC   
5311,Amaretto DiSaronno,31.99,1750mL,1750,1,23.7,2555,DISARONNO INTERNATIONAL LLC
23072,Kirkland Signature Asolo Pro,6.99,750mL,750,2,4.51,4425,MARTIGNETTI COMPANIES
6896,Sterling Merlot,17.99,750mL,750,2,10.1,1590,DIAGEO CHATEAU ESTATE WINES
26457,Luxury Edition Pnt Nr Rose S,12.99,750mL,750,2,8.49,8892,TRINCHERO FAMILY ESTATES   
4391,Matusalem Gran Reserva Rum,29.99,750mL,750,1,18.1,7245,PROXIMO SPIRITS INC.       
3762,Patron Silver Tequila,5.99,50mL,50,1,4.61,9165,ULTRA BEVERAGE COMPANY LLP 
11917,Ch de Beaucastel Pape Rouge,205.99,1500mL,1500,2,137.33,4425,MARTIGNETTI COMPANIES
8412,Tequila Ocho Plata Fresno,49.99,750mL,750,1,35.71,105,ALTAMAR BRANDS LLC         
46628,Paso Creek Cab Svgn,13.99,750mL,750,2,9.65,1392,CONSTELLATION BRANDS INC   
24496,Luce Brunello Montalcino 10,103.99,750mL,750,2,70.74,9165,ULTRA BEVERAGE COMPANY LLP 
42655,Warre's Vintage Port 03,67.99,750mL,750,2,45.03,1587,VINEYARD BRANDS INC        
26818,Ravenswood Znfdl Napa,18.99,750mL,750,2,10.45,1392,CONSTELLATION BRANDS INC   
22011,LiDestri White Sangria,8.99,1500mL,1500,2,5.95,7153,PINE STATE TRADING CO      
6220,Casa Noble Sngl Barrel Anejo,129.99,750mL,750,1,96.29,1392,CONSTELLATION BRANDS INC   
18449,R Mondavi Heritage Red,7.99,750mL,750,2,4.53,1392,CONSTELLATION BRANDS INC   
41778,Stoneleigh Pnt Nr Marlboro,13.99,750mL,750,2,6.7,17035,PERNOD RICARD USA          
34153,Capanna Rosso di Montalcino,25.99,750mL,750,2,12.33,10754,PERFECTA WINES             
4798,Sambuca Romana Liqueur,1.99,50mL,50,1,1.54,3960,DIAGEO NORTH AMERICA INC   
21665,J-C Thevenet Blnc Brut Chard,23.99,750mL,750,2,16.43,90010,VINEXTRA INC               
27773,Jadot Nuits St Georges Les B,99.99,750mL,750,2,66.66,4692,KOBRAND CORPORATION        
2944,The Glenlivet Founders Res,44.99,750mL,750,1,32.14,17035,PERNOD RICARD USA          
25640,Picket Fence Cab Svgn Alexan,17.99,750mL,750,2,12.16,4425,MARTIGNETTI COMPANIES
1719,Casa Noble Alta Belleza,1199.99,750mL,750,1,923.07,1392,CONSTELLATION BRANDS INC   
26380,Orin Swift Abstract Red,31.99,750mL,750,2,20.77,4425,MARTIGNETTI COMPANIES
27613,Dominus 12 Christian Moueix,199.99,750mL,750,2,134.22,2000,SOUTHERN GLAZERS W&S OF NE 
42671,Dynamite Mendocino Chard,13.99,750mL,750,2,9.65,1590,DIAGEO CHATEAU ESTATE WINES
19947,Josh Cellars Svgn Bl,12.99,750mL,750,2,8.72,4425,MARTIGNETTI COMPANIES
15917,Simply Naked Chard,6.99,750mL,750,2,4.66,1392,CONSTELLATION BRANDS INC   
42438,Crane Lake Chard Cal,3.99,750mL,750,2,2.68,1003,BRONCO WINE COMPANY        
19904,Dow's Vintage Port 11,79.99,750mL,750,2,53.33,4425,MARTIGNETTI COMPANIES
42874,Decoy by Duckhorn Red Sonoma,21.99,750mL,750,2,11.38,4425,MARTIGNETTI COMPANIES
37827,Yellow Tail Shiraz/Cab Ausl,7.99,750mL,750,2,5.15,4425,MARTIGNETTI COMPANIES
5655,Jose Cuervo Lite Wh Peach,15.99,1750mL,1750,1,8.79,7245,PROXIMO SPIRITS INC.       
815,Bacardi Wolf Berry,10.99,750mL,750,1,8.52,480,BACARDI USA INC            
46714,Quinta do Noval LBV,12.49,750mL,750,2,8.44,4425,MARTIGNETTI COMPANIES
33719,Dom Le Sang des Cailloux Va,32.99,750mL,750,2,21.56,4425,MARTIGNETTI COMPANIES
2055,Silo Solstice Whiskey,48.99,750mL,750,1,35.5,9165,ULTRA BEVERAGE COMPANY LLP 
22053,Lokoya Diamond Mtn Cab Svgn,324.99,750mL,750,2,215.23,9552,M S WALKER INC             
46899,Moet & Chandon White Star,239.99,3000mL,3000,2,165.51,8112,MOET HENNESSY USA INC      
24571,Oko Organic Prosecco,12.99,750mL,750,2,8.78,7153,PINE STATE TRADING CO      
26882,Trinchero BRV Cab Svgn Napa,79.99,750mL,750,2,53.68,8892,TRINCHERO FAMILY ESTATES   
32807,Flag Hill De Chaunac Red NH,12.99,750mL,750,2,7.58,17031,FLAG HILL WINERY & VINEYARD
8401,Bols Blue Curacao,10.99,1000mL,1000,1,8.26,6213,MHW LTD                    
24227,Arca Nova Rose,10.99,750mL,750,2,7.58,10754,PERFECTA WINES             
3372,Smirnoff Sourced Pineapple,12.99,750mL,750,1,7.85,3960,DIAGEO NORTH AMERICA INC   
2757,Johnnie Walker Red Label,29.99,1750mL,1750,1,22.38,3960,DIAGEO NORTH AMERICA INC   
18207,Thunevin Bad Boy 09 Brdx,14.99,750mL,750,2,8.49,9552,M S WALKER INC             
3978,Square One Bergamot Organic,29.99,750mL,750,1,19.69,9165,ULTRA BEVERAGE COMPANY LLP 
3402,Pinnacle Vanilla,12.99,750mL,750,1,10.31,12546,JIM BEAM BRANDS COMPANY    
16971,Angeline Rsv Cab Svgn,13.99,750mL,750,2,7.43,9552,M S WALKER INC             
15418,The First Lady Cab Svgn,12.99,750mL,750,2,8.84,90024,VINILANDIA USA             
13424,Merriam Vyds Simoneau Chard,19.99,750mL,750,2,6.7,10754,PERFECTA WINES             
2543,Darnley's View Gin,23.99,750mL,750,1,18.89,6785,PALM BAY INTERNATIONAL INC 
20795,Kracher Beerenauslese Cuvee,9.99,375mL,375,2,6.8,4425,MARTIGNETTI COMPANIES
5438,Emmets Irish Cream,9.99,750mL,750,1,7.51,3960,DIAGEO NORTH AMERICA INC   
22912,Ladoix Bois Roussot,48.99,750mL,750,2,31.81,90010,VINEXTRA INC               
14678,Culpeo Svgn Blanc,9.49,750mL,750,2,6.12,90047,CRUSH WINES                
42256,Duboeuf Bjls Rd,9.49,187mL 4 Pk,187,2,3.48,4425,MARTIGNETTI COMPANIES
7340,Viniq Shimmery Liqueur,19.99,750mL,750,1,14.72,3252,E & J GALLO WINERY         
19216,Chronic Cellars Sofa King,19.99,750mL,750,2,13.79,7153,PINE STATE TRADING CO      
2929,Dark Corner Moonshine,25.99,750mL,750,1,19.54,4425,MARTIGNETTI COMPANIES
25753,Barefoot Refresh Summer Red,7.99,250mL 4 Pk,250,2,5.33,3252,E & J GALLO WINERY         
12199,Rochioli RRV Chard Cal,54.99,750mL,750,2,36.42,4425,MARTIGNETTI COMPANIES
897,Montezuma Blue,6.79,1000mL,1000,1,4.92,660,SAZERAC NORTH AMERICA INC. 
6621,Sauza Light Margarita Rtd,7.99,1750mL,1750,1,6.39,12546,JIM BEAM BRANDS COMPANY    
6748,Turning Leaf RSV Chard Cal,5.99,750mL,750,2,3.89,3252,E & J GALLO WINERY         
26088,R Mondavi Maestro Red Napa V,54.99,750mL,750,2,34.01,1392,CONSTELLATION BRANDS INC   
1989,Johnnie Walker Black Tin,34.99,750mL,750,1,25.36,3960,DIAGEO NORTH AMERICA INC   
27316,W Selyum Pnt Nr Eastside Rd,81.99,750mL,750,2,54.66,10754,PERFECTA WINES             
10620,Santa Christina Chianti Supr,13.99,750mL,750,2,9.52,8673,STE MICHELLE WINE ESTATES  
18623,Donnafugata Tancredi Red,35.99,750mL,750,2,23.52,9165,ULTRA BEVERAGE COMPANY LLP 
4418,Don Q Single Barrel Rum,37.99,750mL,750,1,29.0,98450,Serralles Usa LLC          
22230,Glam Prosecco,12.99,750mL,750,2,8.96,9165,ULTRA BEVERAGE COMPANY LLP 
3625,Absolut 80 Proof,16.99,750mL,750,1,12.59,17035,PERNOD RICARD USA          
32749,Brancott Svgn Bl Marlboro,10.49,750mL,750,2,5.26,17035,PERNOD RICARD USA          
4327,Capt Morgan Spiced Rum 100,19.99,750mL,750,1,14.81,3960,DIAGEO NORTH AMERICA INC   
24439,Des Amis Rose,17.99,750mL,750,2,12.41,653,STATE WINE & SPIRITS   
45239,J Vineyards Chard RRV,28.99,750mL,750,2,10.32,3252,E & J GALLO WINERY         
5668,Dr McGillicuddy's Grape,13.99,750mL,750,1,9.69,8004,SAZERAC CO INC             
18208,Cobos Malbec Marchiori Vyds,139.9,750mL,750,2,82.18,9552,M S WALKER INC             
17866,James Mitchell Cab Svgn,14.99,750mL,750,2,8.9,9165,ULTRA BEVERAGE COMPANY LLP 
12343,Bota Box Znfdl,17.99,3000mL,3000,2,11.18,2242,DELICATO VINEYARDS INC     
21487,Twelfth Night Svgn Bl,15.49,750mL,750,2,10.54,1650,Circa Wines                
17840,L'Opale de la Presquile Rose,14.99,750mL,750,2,10.34,7153,PINE STATE TRADING CO      
13899,Hogue Genesis Meritage,15.99,750mL,750,2,10.45,1392,CONSTELLATION BRANDS INC   
8519,Dekuyper Orange Curacao,6.99,750mL,750,1,5.55,12546,JIM BEAM BRANDS COMPANY    
4018,Papa's Pilar Dark Rum,39.99,750mL,750,1,26.46,9165,ULTRA BEVERAGE COMPANY LLP 
26883,DBR Legende Brdx Rouge,14.99,750mL,750,2,10.2,2000,SOUTHERN WINE & SPIRITS NE 
2717,Big Peat Scotch,58.99,750mL,750,1,43.38,4425,MARTIGNETTI COMPANIES
18817,The Dreaming Tree Everyday,12.99,750mL,750,2,8.6,1392,CONSTELLATION BRANDS INC   
23168,Blanc de Bleu Mousseux Brut,15.99,750mL,750,2,9.93,4425,MARTIGNETTI COMPANIES
27066,A Bichot Merc Champs Mart 14,39.99,750mL,750,2,25.97,9165,ULTRA BEVERAGE COMPANY LLP 
36852,Frey Znfdl Organic Mendocino,13.99,750mL,750,2,9.58,10754,PERFECTA WINES             
22630,Ryan Patrick Rsv Cab,29.99,750mL,750,2,20.54,90047,CRUSH WINES                
39473,Acorn Cve Alegria Russ Syrah,27.99,750mL,750,2,18.49,10754,PERFECTA WINES             
31503,Barefoot Znfdl Cal,10.99,1500mL,1500,2,7.58,3252,E & J GALLO WINERY         
6010,Schonauer Apple Liqueur,18.99,750mL,750,1,15.19,6355,NICHE W & S                
24951,Jackhammer Pnt Nr,16.99,750mL,750,2,11.03,10754,PERFECTA WINES             
12477,Ch Lancyre Languedoc Rose,18.99,750mL,750,2,12.83,10754,PERFECTA WINES             
17026,Pares Balta Brut Cava Pendes,16.99,750mL,750,2,10.06,90024,VINILANDIA USA             
23679,A Bichot Secret de Fam PN,19.99,750mL,750,2,13.6,9165,ULTRA BEVERAGE COMPANY LLP 
46111,Meeker Mendocino Cab Svgn,9.99,750mL,750,2,6.8,653,STATE WINE & SPIRITS   
13249,Apaltagua Pnt Nr Rsv,11.99,750mL,750,2,7.89,90017,THE IMPORTED GRAPE LLC     
2054,Johnnie Walker Select Casks,43.99,750mL,750,1,34.64,3960,DIAGEO NORTH AMERICA INC   
4829,Mr Boston Blackberry Brandy,11.99,1750mL,1750,1,9.59,660,SAZERAC NORTH AMERICA INC. 
376,Aperol Liqueur,26.99,750mL,750,1,18.97,11567,CAMPARI AMERICA            
2983,T.T. Handy Sazerac Rye Whisk,79.99,750mL,750,1,59.25,8004,SAZERAC CO INC             
19199,La Crema Pnt Gris Monterey,16.99,750mL,750,2,11.56,10000,MAJESTIC FINE WINES        
60,Canadian Club 1858 VAP,10.99,750mL,750,1,7.4,12546,JIM BEAM BRANDS COMPANY    
23933,Sequinot-Bordet Chablis Four,32.99,750mL,750,2,22.14,90024,VINILANDIA USA             
11460,Freemark Abbey Cab Svgn Napa,39.99,750mL,750,2,27.02,9552,M S WALKER INC             
2236,Cedar Ridge Rye Whiskey,44.99,750mL,750,1,32.84,9552,M S WALKER INC             
16819,H3 Horse Heaven Hills Cab Sv,11.99,750mL,750,2,8.21,8673,STE MICHELLE WINE ESTATES  
68,Luxardo Triplum Triple Sec,24.99,750mL,750,1,18.93,9165,ULTRA BEVERAGE COMPANY LLP 
36579,Covey Run Rsl Columbia Vly,5.99,750mL,750,2,3.92,3252,E & J GALLO WINERY         
10399,Spring Vly Uriah Walla Walla,31.99,750mL,750,2,21.33,8673,STE MICHELLE WINE ESTATES  
25497,Triga Alicante Tinto 11,19.99,750mL,750,2,12.98,9552,M S WALKER INC             
27276,Zaccagnini Rsl,8.99,750mL,750,2,6.12,2000,SOUTHERN GLAZERS W&S OF NE 
285,Red Stag VAP 750+4/50ml,18.99,750mL + 4/,750,1,12.49,12546,JIM BEAM BRANDS COMPANY    
25732,Sonoma Loeb Pnt Nr Dutton Ra,33.99,750mL,750,2,23.44,4425,MARTIGNETTI COMPANIES
46475,Tilia Chard Mendoza,11.99,750mL,750,2,6.75,9552,M S WALKER INC             
16326,Black Box Cab Svgn,3.99,500mL,500,2,2.64,1392,CONSTELLATION BRANDS INC   
25745,Riojana Chard,7.49,750mL,750,2,5.17,90017,THE IMPORTED GRAPE LLC     
267,Don Q Coco Coconut Rum,12.99,1000mL,1000,1,10.39,98450,Serralles Usa LLC          
26558,King Est Pnt Nr Ore,25.99,750mL,750,2,16.54,4425,MARTIGNETTI COMPANIES
22970,Bluegray Priorat DOQ,17.99,750mL,750,2,11.68,9552,M S WALKER INC             
3231,Pinnacle Tropical Punch Vdka,10.99,750mL,750,1,7.74,12546,JIM BEAM BRANDS COMPANY    
15900,Ch St Jean Svgn Bl Sonoma,9.99,750mL,750,2,6.45,9819,TREASURY WINE ESTATES      
23347,The Auctor Red Blend,15.99,750mL,750,2,6.45,10754,PERFECTA WINES             
22633,Buil & Gine Priorat White,23.99,750mL,750,2,15.78,90010,VINEXTRA INC               
6373,Marcus James Chard Mendoza,4.99,750mL,750,2,3.44,1392,CONSTELLATION BRANDS INC   
25707,Schramsberg Brut Rose,35.99,750mL,750,2,23.22,4425,MARTIGNETTI COMPANIES
4050,Bacardi Oakheart Spiced Rum,11.99,750mL,750,1,8.72,480,BACARDI USA INC            
19347,The Royal Chenin Blanc,11.99,750mL,750,2,6.57,10754,PERFECTA WINES             
22400,Dom Clape August Cornas 10,149.99,750mL,750,2,103.44,4425,MARTIGNETTI COMPANIES
24518,Ray's Station Cab Svgn,17.99,750mL,750,2,12.16,9165,ULTRA BEVERAGE COMPANY LLP 
8694,Skinnygirl Cosmopolitan,9.99,750mL,750,1,7.99,12546,JIM BEAM BRANDS COMPANY    
31349,Big House Red Cal,7.99,750mL,750,2,4.72,9815,WINE GROUP INC             
31869,Pommery Bl de Noirs,29.99,750mL,750,2,19.35,1601,VRANKEN AMERICA            
3748,Smirnoff Light Peach Sorbet,12.99,750mL,750,1,7.02,3960,DIAGEO NORTH AMERICA INC   
19598,Ch Coufran Haut Medoc 10,29.99,750mL,750,2,19.73,7749,R.P.IMPORTS INC            
11808,Arabella Shiraz,10.99,750mL,750,2,7.53,90047,CRUSH WINES                
39599,R M Woodbridge Chard Cal,7.99,187mL 4 Pk,187,2,4.51,1392,CONSTELLATION BRANDS INC   
8103,Sauza Gold Tequila,0.99,50mL,50,1,0.77,12546,JIM BEAM BRANDS COMPANY    
26253,Harlaftis Chard,16.99,750mL,750,2,11.56,10754,PERFECTA WINES             
13567,Bila-Haut Cotes Roussillon,13.99,750mL,750,2,9.33,10754,PERFECTA WINES             
23495,Ch Cantegril Sauternes 11,17.99,375mL,375,2,12.24,2000,SOUTHERN WINE & SPIRITS NE 
21643,Gruet Bl de Bl 25th Annivrsy,18.99,750mL,750,2,12.25,17033,SEA BREEZE CELLARS LLC     
1465,Woodford Rsv Bourbon,14.99,375mL,375,1,11.02,1128,BROWN-FORMAN CORP          
845,Bols Amaretto Liqueur,9.99,1000mL,1000,1,7.19,6213,MHW LTD                    
26833,Clemento VII Toscano,19.99,750mL,750,2,13.24,653,STATE WINE & SPIRITS   
8016,La Vieille Ferme Wh Rhone,6.99,750mL,750,2,4.79,1587,VINEYARD BRANDS INC        
16264,Il Poggione Brunlo d Montlcn,79.99,750mL,750,2,53.68,4425,MARTIGNETTI COMPANIES
19285,The Curator Red,9.99,750mL,750,2,6.89,90024,VINILANDIA USA             
18740,Robert Sinskey Aries Pnt Nr,30.99,750mL,750,2,19.6,10754,PERFECTA WINES             
18414,M D 20/20 Habanero Lime Arit,3.99,750mL,750,2,2.68,9815,WINE GROUP INC             
22367,Ch Massiac Viognier,16.99,750mL,750,2,9.93,90010,VINEXTRA INC               
3056,Peligroso Silver Tequila,19.99,750mL,750,1,15.38,3960,DIAGEO NORTH AMERICA INC   
11480,Candia Vyds Noiret Vault RSV,14.99,750mL,750,2,10.06,90046,CANDIA VINEYARDS           
872,DeKuyper Cherry Brandy,9.99,1000mL,1000,1,7.19,12546,JIM BEAM BRANDS COMPANY    
26868,Olivier Chanzy Nuits St Geor,59.99,750mL,750,2,39.99,4425,MARTIGNETTI COMPANIES
24454,Convento Las Claras 12 Tinto,22.99,750mL,750,2,14.28,9552,M S WALKER INC             
1086,Hennessy VSOP Privilege VAP,46.99,750mL,750,1,37.29,8112,MOET HENNESSY USA INC      
24928,Rive Droite Rive Gauche CDR,8.99,750mL,750,2,6.16,10754,PERFECTA WINES             
5822,Ryans Irish Cream,7.99,375mL,375,1,6.24,8004,SAZERAC CO INC             
2580,Barr Hill Gin,36.99,750mL,750,1,29.36,1273,CALEDONIA SPIRITS INC      
3967,Deep Eddy Ruby Red,15.99,750mL,750,1,11.76,3924,HEAVEN HILL DISTILLERIES   
24129,Three Thieves Cab Svgn,7.99,750mL,750,2,5.22,8892,TRINCHERO FAMILY ESTATES   
41071,Angeline Merlot Sonoma Cty,14.99,750mL,750,2,10.13,9552,M S WALKER INC             
27512,Warre's Late Bottled Vintage,23.99,750mL,750,2,14.09,1587,VINEYARD BRANDS INC        
16054,Il Borro Toscana,44.99,750mL,750,2,29.79,2000,SOUTHERN WINE & SPIRITS NE 
3802,Three Olives Vodka,18.99,1750mL,1750,1,13.43,7245,PROXIMO SPIRITS INC.       
22052,Lokoya Howell Mtn Cab Svgn,324.99,750mL,750,2,215.23,9552,M S WALKER INC             
19684,Ch Magdelaine 10 St Emilion,109.99,750mL,750,2,75.86,2000,SOUTHERN WINE & SPIRITS NE 
4111,Bird Dog Strawberry Whiskey,0.99,50mL,50,1,0.79,9625,WESTERN SPIRITS BEVERAGE CO
16503,Lafite Rsv Speciale Bl Brdx,8.99,750mL,750,2,5.99,2000,SOUTHERN WINE & SPIRITS NE 
17379,Catalpa Pnt Nr,15.99,750mL,750,2,11.03,7153,PINE STATE TRADING CO      
2946,Highland Park 15 Yr Old,89.99,750mL,750,1,62.01,2561,EDRINGTON AMERICAS         
3677,Shady Fruit Valencia Orange,11.99,750mL,750,1,8.59,3960,DIAGEO NORTH AMERICA INC   
13895,Mohua Pinot Noir,16.99,750mL,750,2,10.27,1587,VINEYARD BRANDS INC        
12646,Blackbird Vyds Arise Red,52.99,750mL,750,2,34.19,10754,PERFECTA WINES             
39461,Stags Leap SLV Cab Svgn,104.99,750mL,750,2,69.07,8673,STE MICHELLE WINE ESTATES  
22221,Stuhlmuller Est Chardonnay,11.49,750mL,750,2,7.82,4425,MARTIGNETTI COMPANIES
36773,Yalumba Oxford Landng Shiraz,10.99,750mL,750,2,7.14,9552,M S WALKER INC             
44220,Vinedo de Los Vientos Alcyo,33.99,500mL,500,2,21.47,90011,FORTUNE WINE BROKERS LLC   
5676,Kinky Liqueur,1.99,50mL,50,1,1.42,7153,PINE STATE TRADING CO      
19201,Jadot 12 Steel Chard,16.99,750mL,750,2,11.48,4692,KOBRAND CORPORATION        
6290,Beringer Svgn Bl Napa Vly,7.99,750mL,750,2,5.4,9819,TREASURY WINE ESTATES      
23122,Innocenti Vignalsole Rosso,24.99,750mL,750,2,17.0,7255,PSP WINES 
11456,Burgess Cab Svgn Napa,35.99,750mL,750,2,22.72,4425,MARTIGNETTI COMPANIES
25463,Eden Dry Cider Keg,227.99,20000mL,20000,2,155.1,90047,CRUSH WINES                
8402,Spud Pumpkin Spice Vodka,19.99,750mL,750,1,14.92,10050,Russian Standard Vodka     
35670,Redwood Creek Svgn Bl Cal,10.99,1500mL,1500,2,7.33,3252,E & J GALLO WINERY         
13163,Barefoot Bubbly Moscato,7.99,750mL,750,2,5.47,3252,E & J GALLO WINERY         
18971,Tenuta Guado Al Tasso Bructo,22.99,750mL,750,2,15.64,8673,STE MICHELLE WINE ESTATES  
3608,Smirnoff Orange Vodka,0.99,50mL,50,1,0.72,3960,DIAGEO NORTH AMERICA INC   
15105,Kendall Jackson Avant Chard,10.99,750mL,750,2,6.86,10000,MAJESTIC FINE WINES        
1714,Smoky Quartz V5 Bourbon,27.99,375mL,375,1,22.04,28750,SMOKY QUARTZ DISTILLERY LLC
22943,D'Armailhac Pauillac 05,276.99,1500mL,1500,2,188.43,7153,PINE STATE TRADING CO      
2158,Sortilege Liqueur,16.99,375mL,375,1,12.4,3089,SIDNEY FRANK IMPORTING CO  
23665,Cooks Brut,7.99,187mL 4 Pk,187,2,5.19,1392,CONSTELLATION BRANDS INC   
12589,Canyon Rd Pnt Grigio,4.79,750mL,750,2,3.09,3252,E & J GALLO WINERY         
23647,Ponzi Pinot Noir Rose,19.99,750mL,750,2,13.6,4425,MARTIGNETTI COMPANIES
24723,Tenuta di Biserno Il Pino,59.99,750mL,750,2,41.37,4692,KOBRAND CORPORATION        
24789,Gentleman's Collection Red,18.99,750mL,750,2,12.58,4425,MARTIGNETTI COMPANIES
27176,Peter Vella Delicious Red B/,13.99,5000mL,5000,2,9.2,3252,E & J GALLO WINERY         
21041,Alexander Vly Vyds Merlot,15.99,750mL,750,2,10.27,7153,PINE STATE TRADING CO      
284,Milagro Tequila Anejo SBR,77.99,750mL,750,1,53.43,3664,WILLIAM GRANT & SONS INC   
13487,Brancaia Tre Rosso Toscana,17.99,750mL,750,2,12.32,3252,E & J GALLO WINERY         
23307,Ch St Sulpice,9.99,750mL,750,2,6.62,9744,FREDERICK WILDMAN & SONS   
35910,Mulderbosch Svgn Bl Stelnbch,19.99,750mL,750,2,12.32,9552,M S WALKER INC             
3834,Skyy Vodka,12.99,750mL,750,1,10.23,11567,CAMPARI AMERICA            
11150,Fish Eye Rsl,7.99,750mL,750,2,5.47,9815,WINE GROUP INC             
31502,Barefoot Znfdl Cal,6.29,750mL,750,2,3.35,3252,E & J GALLO WINERY         
1734,Duggans Dew O Kirkintilloch,21.99,1750mL,1750,1,17.45,2496,DUGGANS DISTILLED PRODUCTS 
31075,J Lohr Hilltop Cab Svgn,29.99,750mL,750,2,17.87,4425,MARTIGNETTI COMPANIES
42601,3 Blind Moose Cab Svgn Cal,10.99,750mL,750,2,5.84,1392,CONSTELLATION BRANDS INC   
27827,Jadot Cote de Nuits Vaucrain,32.99,750mL,750,2,21.56,4692,KOBRAND CORPORATION        
2547,WhistlePig 10Yr Straight Rye,6.99,50mL,50,1,5.18,10754,PERFECTA WINES             
3389,Seagrams Extra Dry Gin,15.99,1750mL,1750,1,12.49,17035,PERNOD RICARD USA          
19621,Ch Rol Valentin 10,63.99,750mL,750,2,42.66,7749,R.P.IMPORTS INC            
21181,Belaire Sparkling Rose,29.99,750mL,750,2,19.72,9165,ULTRA BEVERAGE COMPANY LLP 
23112,Patz & Hall Hyde Vyd Chard,55.99,750mL,750,2,38.09,4425,MARTIGNETTI COMPANIES
4199,Sauza Blanco Tequila,23.99,1750mL,1750,1,16.92,12546,JIM BEAM BRANDS COMPANY    
3015,360 Glazed Donut Vodka,17.99,750mL,750,1,10.23,5992,MCCORMICK DISTILLING CO    
6652,Franzia Clsc Burgundy,7.99,1500mL,1500,2,5.15,9815,WINE GROUP INC             
31489,Barefoot Chard Cal,8.79,1500mL,1500,2,5.71,3252,E & J GALLO WINERY         
3405,Tito's Handmade Vodka,28.99,1750mL,1750,1,23.19,4425,MARTIGNETTI COMPANIES
36198,Condesa De Leganza Crianza,9.99,750mL,750,2,3.22,6785,PALM BAY INTERNATIONAL INC 
5661,Dr McGillicuddy's Root Beer,13.99,750mL,750,1,10.31,8004,SAZERAC CO INC             
4219,Commander Quincy's Rum Toddy,13.99,750mL,750,1,10.68,7153,PINE STATE TRADING CO      
23953,Rainstorm Pnt Nr Rose,16.99,750mL,750,2,11.25,9165,ULTRA BEVERAGE COMPANY LLP 
25262,Ziobaffa Organic Tuscan Red,14.99,750mL,750,2,10.27,7153,PINE STATE TRADING CO      
44063,Valentin Bianchi Elsa Malbec,11.99,750mL,750,2,7.84,4425,MARTIGNETTI COMPANIES
25264,Pommery Falltime Extra Dry C,32.99,750mL,750,2,20.54,1601,VRANKEN AMERICA            
27212,R Mondavi Cab Svgn Oakville,59.99,750mL,750,2,34.48,1392,CONSTELLATION BRANDS INC   
1390,Makers Mark,35.99,1000mL,1000,1,27.06,12546,JIM BEAM BRANDS COMPANY    
2148,Canadian Mist Traveler,7.99,750mL,750,1,5.96,1128,BROWN-FORMAN CORP          
11313,Taylor New York Marsala,4.99,750mL,750,2,3.35,1392,CONSTELLATION BRANDS INC   
2985,Gibsons 12YO Gold Canadian W,25.99,750mL,750,1,15.1,3664,WILLIAM GRANT & SONS INC   
11915,Sequoia Grove Cab Svgn,32.99,750mL,750,2,19.6,4692,KOBRAND CORPORATION        
19990,Sauvion Rose d'Anjou,6.49,750mL,750,2,4.21,4425,MARTIGNETTI COMPANIES
41629,Heron Pnt Nr Cal,15.99,750mL,750,2,9.08,4425,MARTIGNETTI COMPANIES
18150,O Pinot Pinot Noir,24.99,750mL,750,2,16.44,653,STATE WINE & SPIRITS   
16586,Pali Charm Acres Sonom Chard,15.99,750mL,750,2,10.38,653,STATE WINE & SPIRITS   
8339,The Glenlivet 12 Yr Single,42.99,750mL,750,1,30.21,17035,PERNOD RICARD USA          
7293,Chi Chi's Skinny Margarita,8.99,1750mL,1750,1,5.96,660,SAZERAC NORTH AMERICA INC. 
20592,Fritz Svgn Bl Dry Creek Vly,15.99,750mL,750,2,9.93,653,STATE WINE & SPIRITS   
11156,Canyon Rd Wh Znfdl,8.99,1500mL,1500,2,6.07,3252,E & J GALLO WINERY         
17161,Seaglass Pnt Grigio,11.99,750mL,750,2,8.1,8892,TRINCHERO FAMILY ESTATES   
21325,Kim Crawford Pnt Gr Homstead,26.99,750mL,750,2,18.61,1392,CONSTELLATION BRANDS INC   
1309,Makers Mark Cask Strength,59.99,750mL,750,1,44.44,12546,JIM BEAM BRANDS COMPANY    
12505,Angelini Pnt Nr Veneto,10.99,750mL,750,2,6.16,7153,PINE STATE TRADING CO      
24390,O Lflv Bour Les Setilles,23.99,750mL,750,2,15.78,9744,FREDERICK WILDMAN & SONS   
19034,Nicholson Ranch Pnt Nr Sonom,44.99,750mL,750,2,29.21,4425,MARTIGNETTI COMPANIES
23341,Les Fiefs de Lagrange 11 Jul,32.99,750mL,750,2,22.75,2000,SOUTHERN WINE & SPIRITS NE 
25901,Cupcake Prosecco,9.99,187mL 3 Pk,187,2,6.45,9815,WINE GROUP INC             
26499,Ch Gassier Espirit CdProvenc,17.99,750mL,750,2,12.24,4425,MARTIGNETTI COMPANIES
23074,Madrigal Cab Svgn,19.99,750mL,750,2,13.69,4425,MARTIGNETTI COMPANIES
45600,Luigi Bosca La Linda Malbec,10.99,750mL,750,2,7.33,9744,FREDERICK WILDMAN & SONS   
23498,Coste di Brenta Cerasuolo,10.99,750mL,750,2,7.58,7255,PSP WINES 
25545,Miolo  Lote 43,29.99,750mL,750,2,19.47,90017,THE IMPORTED GRAPE LLC     
6198,Lazzaroni Sambuca,24.99,750mL,750,1,19.52,4848,LAIRD & CO                 
4020,Clement Creole Shrubb Orange,28.99,750mL,750,1,15.9,9165,ULTRA BEVERAGE COMPANY LLP 
8943,Malibu Rum Sparkler RTD,13.99,750mL,750,1,7.74,17035,PERNOD RICARD USA          
22865,Vino Dious Welch Rsl 13,11.99,750mL,750,2,7.99,2876,CENTEUR IMPORTS LLC        
22918,Blossom Hill Merlot,10.99,1500mL,1500,2,7.38,1590,DIAGEO CHATEAU ESTATE WINES
44232,Acacia Winery Pnt Nr Lake,31.99,750mL,750,2,21.33,1590,DIAGEO CHATEAU ESTATE WINES
25192,K Vintners The Klein,74.99,750mL,750,2,49.01,10754,PERFECTA WINES             
44917,Ferreira 10-Yr Tawny Port,24.99,750mL,750,2,16.55,90024,VINILANDIA USA             
3003,Absolut Rainbow Case of 12,179.99,750mL 12 P,750,1,135.33,17035,PERNOD RICARD USA          
25506,B Doon The Heart Has Rieslin,7.99,750mL,750,2,5.22,4425,MARTIGNETTI COMPANIES
27201,DeLoach OFS Chard,19.99,750mL,750,2,12.98,4425,MARTIGNETTI COMPANIES
28946,Silverado Merlot Napa,29.99,750mL,750,2,18.06,4425,MARTIGNETTI COMPANIES
19452,Trois Couronnes CdR Red,8.99,750mL,750,2,5.99,10754,PERFECTA WINES             
31157,Livio Felluga Pinot Grigio,24.99,750mL,750,2,15.23,9552,M S WALKER INC             
18047,Ch Rochemorin Pessac-Leognan,23.99,750mL,750,2,8.6,4425,MARTIGNETTI COMPANIES
8444,Tres Agaves Blanco Tequila,23.99,750mL,750,1,17.38,8892,TRINCHERO FAMILY ESTATES   
6226,Marcus James Chard,8.99,1500mL,1500,2,5.15,1392,CONSTELLATION BRANDS INC   
22389,Villa Cornaro Prosecco,4.99,187mL,187,2,3.37,4425,MARTIGNETTI COMPANIES
24211,Julius Treis Trocken Rsl,22.99,750mL,750,2,14.93,90047,CRUSH WINES                
8961,Jose Cuervo Especial,1.49,50mL,50,1,1.12,7245,PROXIMO SPIRITS INC.       
2354,Rhetoric 21Yr Bourbon,99.99,750mL,750,1,77.51,3960,DIAGEO NORTH AMERICA INC   
2710,Bitch Vodka,21.99,750mL,750,1,15.93,4425,MARTIGNETTI COMPANIES
15146,Achaval Ferrer Malbec,19.99,750mL,750,2,12.92,8664,"STOLI GROUP,(USA) LLC      "
3353,Three Olives Rangtang Vodka,14.99,750mL,750,1,11.8,7245,PROXIMO SPIRITS INC.       
26580,Sullivan Toile Cab Svgn Napa,21.99,750mL,750,2,15.06,9165,ULTRA BEVERAGE COMPANY LLP 
4386,Casa Noble Reposado,49.99,750mL,750,1,34.34,1392,CONSTELLATION BRANDS INC   
25894,Deneufbourg White 14,8.99,750mL,750,2,6.16,9165,ULTRA BEVERAGE COMPANY LLP 
27403,Dom du Touch Gasgogne Blanc,9.99,750mL,750,2,6.84,4425,MARTIGNETTI COMPANIES
26285,Moet & Chandon Imperial,79.99,1500mL,1500,2,45.45,8112,MOET HENNESSY USA INC      
275,The Bitter Truth Aromatic,19.99,200mL,200,1,15.38,4425,MARTIGNETTI COMPANIES
41714,Fish Eye Pnt Grigio,4.99,750mL,750,2,3.22,9815,WINE GROUP INC             
6694,Lindemans Bin 65 Chard,7.99,750mL,750,2,5.19,4425,MARTIGNETTI COMPANIES
11395,Cadaretta Svgn Bl Semillon C,22.99,750mL,750,2,15.64,4425,MARTIGNETTI COMPANIES
13548,Lucky Duck Shiraz,3.79,750mL,750,2,2.56,9815,WINE GROUP INC             
22223,Auspicion Cabernet Sauvignon,13.99,750mL,750,2,9.14,9165,ULTRA BEVERAGE COMPANY LLP 
20689,Charles Fournier Rsl,15.99,750mL,750,2,10.32,7749,R.P.IMPORTS INC            
3437,Bombay Dry Gin,19.99,750mL,750,1,13.84,480,BACARDI USA INC            
3913,Svedka Vodka,17.99,1750mL,1750,1,14.28,1392,CONSTELLATION BRANDS INC   
21007,Ch Vignot 05 St Emilion Red,71.99,750mL,750,2,49.65,9552,M S WALKER INC             
19833,Terra di Montevero Toscana,59.99,750mL,750,2,40.81,9165,ULTRA BEVERAGE COMPANY LLP 
10624,Querceto Il Querciolaia Tosc,56.99,750mL,750,2,37.74,9165,ULTRA BEVERAGE COMPANY LLP 
1880,The Glenlivet Nadurra 16 Yr,63.99,750mL,750,1,46.71,17035,PERNOD RICARD USA          
8976,Beat 3 White Kosher Whiskey,29.99,750mL,750,1,19.99,2450,DJINN SPIRITS LLC          
15209,Writer's Block Pnt Nr,15.99,750mL,750,2,10.52,9552,M S WALKER INC             
21884,St Julien Rose CDR,11.99,750mL,750,2,2.36,9165,ULTRA BEVERAGE COMPANY LLP 
15079,Anna de Codorniu Brut Cava,12.99,750mL,750,2,7.74,9165,ULTRA BEVERAGE COMPANY LLP 
21389,Ch Ferriere Margaux,36.49,750mL,750,2,23.85,4425,MARTIGNETTI COMPANIES
18269,Masi Serego Alighieri Amaron,73.99,750mL,750,2,49.0,9165,ULTRA BEVERAGE COMPANY LLP 
4748,Patron XO Cafe Incendio,23.99,750mL,750,1,16.66,9165,ULTRA BEVERAGE COMPANY LLP 
2802,SW4 London Dry Gin,29.99,750mL,750,1,18.93,7153,PINE STATE TRADING CO      
17182,Mimosa by St Clair Winery,13.99,750mL,750,2,9.14,7153,PINE STATE TRADING CO      
24332,Tortoise Creek Svgn Bl,11.99,750mL,750,2,7.79,90024,VINILANDIA USA             
3893,Zhenka 80 Proof,9.99,1750mL,1750,1,7.93,9552,M S WALKER INC             
45495,Ermita Rioja White,15.99,750mL,750,2,10.38,90011,FORTUNE WINE BROKERS LLC   
2296,Tomatin Cu Bocan Scotch Whis,49.99,750mL,750,1,39.99,9206,PHILLIPS PRODUCTS CO.      
14217,Chevalier L'Aujardiere Chard,16.99,750mL,750,2,11.18,4425,MARTIGNETTI COMPANIES
26436,Savory & James Amontillado,9.99,750mL,750,2,6.53,4380,CHARLES JACQUIN ET CIE INC 
24885,Passadouro 12 Tinto Douro,13.99,750mL,750,2,9.45,9552,M S WALKER INC             
4424,Barbarossa Spiced Rum,11.99,1750mL,1750,1,8.39,8004,SAZERAC CO INC             
5242,Cointreau Liqueur,29.99,750mL,750,1,22.05,7239,REMY COINTREAU USA INC     
25548,Miolo Chardonnay,14.99,750mL,750,2,10.06,90017,THE IMPORTED GRAPE LLC     
12333,Dom Leflaive Merslt 07 d'Ane,78.99,750mL,750,2,53.01,4425,MARTIGNETTI COMPANIES
25774,Ch Tourril Panatella Red,7.99,750mL,750,2,5.22,9165,ULTRA BEVERAGE COMPANY LLP 
12772,Joel Gott Chard,13.99,750mL,750,2,9.2,8892,TRINCHERO FAMILY ESTATES   
11629,Atlas Peak Claret Napa Vly,45.49,750mL,750,2,29.93,2000,SOUTHERN WINE & SPIRITS NE 
6156,Cinnabon Cinnamon Liqueur,21.99,750mL,750,1,16.79,9552,M S WALKER INC             
23259,Vegan Vines Chard,8.99,750mL,750,2,6.12,653,STATE WINE & SPIRITS   
3949,Patron En Lalique Tequila,7499.99,750mL,750,1,5681.81,9165,ULTRA BEVERAGE COMPANY LLP 
33035,Cape Indaba Chard S Africa,8.99,750mL,750,2,5.88,9552,M S WALKER INC             
1048,Mother's Holiday Nog,6.49,750mL,750,1,5.11,7153,PINE STATE TRADING CO      
921,El Tesoro Platinum Tequila,39.99,750mL,750,1,28.77,12546,JIM BEAM BRANDS COMPANY    
1905,Ole Smoky Margrita Moonshine,16.99,750mL,750,1,12.77,6359,OLE SMOKY DISTILLERY LLC   
7867,Tooters Red-diculous 15 Pk,9.99,375mL,375,1,7.68,5270,MANGO BOTTLING INC         
23433,Bruno Colin Chass-Mont Morge,89.99,750mL,750,2,60.4,4425,MARTIGNETTI COMPANIES
5828,Ryans Irish Cream,8.99,750mL,750,1,6.61,8004,SAZERAC CO INC             
27750,Wind Gap 14 Pinot Noir Sonom,32.99,750mL,750,2,22.14,9552,M S WALKER INC             
876,DeKuyper Creme de Cacao Whit,8.99,1000mL,1000,1,6.66,12546,JIM BEAM BRANDS COMPANY    
27647,Cline Mourvedre Ancient Vns,14.99,750mL,750,2,5.78,4425,MARTIGNETTI COMPANIES
22831,Grady Family Vyds Znfdl,14.99,750mL,750,2,9.08,90047,CRUSH WINES                
42734,K Vntrs Viognier Columbia,24.99,750mL,750,2,16.66,10754,PERFECTA WINES             
24604,Dark Horse Pnt Nr,7.99,750mL,750,2,5.4,3252,E & J GALLO WINERY         
3123,Booths London Dry Gin,14.99,1750mL,1750,1,10.94,3960,DIAGEO NORTH AMERICA INC   
19360,Finca La Linda Cab Svgn,10.99,750mL,750,2,7.43,9744,FREDERICK WILDMAN & SONS   
16656,Dom Bousquet Malbec Mendoza,10.99,750mL,750,2,7.58,10754,PERFECTA WINES             
15264,Bridlewood Cab Svgn,13.99,750mL,750,2,9.52,3252,E & J GALLO WINERY         
1888,El Toro Silver Tequila,6.99,1000mL,1000,1,5.34,660,SAZERAC NORTH AMERICA INC. 
13960,Vieux Clocher Cote du Rhone,11.99,750mL,750,2,7.28,90047,CRUSH WINES                
36570,Flora Springs Trilogy Cal,64.99,750mL,750,2,42.76,4425,MARTIGNETTI COMPANIES
45991,Foris Rogue Vly Pnt Nr,16.99,750mL,750,2,11.64,90010,VINEXTRA INC               
16805,Las Rocas Spanish Red,7.99,750mL,750,2,5.33,3252,E & J GALLO WINERY         
20088,Camp Merlot Sonoma Cnty,15.99,750mL,750,2,10.45,1650,Circa Wines                
22822,Corvo Pnt Nr,13.99,750mL,750,2,8.21,10754,PERFECTA WINES             
41863,Joguet Chinon Les Petites R,17.99,750mL,750,2,11.56,4425,MARTIGNETTI COMPANIES
23943,Canella Bellini Fusion,5.99,250mL,250,2,4.13,4425,MARTIGNETTI COMPANIES
41827,Banfi Chianti Clsc Tuscany,12.99,750mL,750,2,8.16,516,BANFI PRODUCTS CORP        
25993,Vista Point Merlot,3.49,750mL,750,2,2.41,9815,WINE GROUP INC             
17789,Ponti Sweet Vermouth,5.79,1000mL,1000,2,3.76,5612,MILTONS DISTRIBUTING CO    
4254,Remy Martin 1738 Accord Royl,29.99,375mL,375,1,23.43,7239,REMY COINTREAU USA INC     
20654,Notarious Cab Svgn,39.99,750mL,750,2,26.14,17037,Dunn Wine Brokers          
2680,Tomatin Scotch 14Yr Portwood,59.99,750mL,750,1,43.79,9206,PHILLIPS PRODUCTS CO.      
19720,Cutler Creek Wh Znfdl,3.79,750mL,750,2,2.53,9815,WINE GROUP INC             
3612,Taaka Vodka,9.99,1750mL,1750,1,6.81,8004,SAZERAC CO INC             
18775,Once Upon A Vine Red,11.99,750mL,750,2,3.97,1590,DIAGEO CHATEAU ESTATE WINES
2769,Laphroaig Quarter Cask,55.99,750mL,750,1,38.4,12546,JIM BEAM BRANDS COMPANY    
3873,FAIR Quinoa Vodka,24.99,750mL,750,1,19.52,4425,MARTIGNETTI COMPANIES
17218,Catena Malbec Mendoza,8.99,375mL,375,2,6.12,9552,M S WALKER INC             
20980,Valley of the Moon Blend 41,19.99,750mL,750,2,12.9,9165,ULTRA BEVERAGE COMPANY LLP 
288,The Bitter Truth Pink Gin,34.99,750mL,750,1,26.31,4425,MARTIGNETTI COMPANIES
4044,Calico Jack Mango Rum,12.99,1750mL,1750,1,9.62,12546,JIM BEAM BRANDS COMPANY    
14681,Shafer Hillside Cab Svgn 06,389.99,1500mL,1500,2,259.99,4425,MARTIGNETTI COMPANIES
6257,Carlo Rossi Blush Calif,14.99,4000mL,4000,2,9.86,3252,E & J GALLO WINERY         
10422,Mirassou Pnt Grigio Cal,8.99,750mL,750,2,6.07,3252,E & J GALLO WINERY         
20725,Chronic Cellars Purple Parad,17.99,750mL,750,2,9.86,7153,PINE STATE TRADING CO      
2611,Dewar's 15 Yr Old Rsv,54.99,750mL,750,1,39.99,480,BACARDI USA INC            
21841,Gerard Bertrand 13 Gris Blan,8.99,750mL,750,2,6.03,9552,M S WALKER INC             
27867,Vendange Merlot,9.99,1500mL,1500,2,4.72,1392,CONSTELLATION BRANDS INC   
5529,Bacardi Strawberry Daquiri,9.99,750mL,750,1,5.14,480,BACARDI USA INC            
25572,Vineyards Found 14 Chard Nap,14.99,750mL,750,2,9.67,9552,M S WALKER INC             
12924,Cartlidge & Browne Pnt Nr,12.99,750mL,750,2,8.66,9165,ULTRA BEVERAGE COMPANY LLP 
15249,Colby Red,8.49,750mL,750,2,5.82,4425,MARTIGNETTI COMPANIES
4896,Hiram Walker Coffee Brandy,17.99,1750mL,1750,1,14.05,17035,PERNOD RICARD USA          
5178,Meletti Limone,19.99,750mL,750,1,14.49,9165,ULTRA BEVERAGE COMPANY LLP 
24315,Ch Giscours Margaux 12 GCC,61.99,750mL,750,2,40.78,2000,SOUTHERN WINE & SPIRITS NE 
5109,Dr McGillicuddy's Menth Trav,13.99,750mL,750,1,9.84,8004,SAZERAC CO INC             
12650,Harbor Town Svgn Bl,13.99,750mL,750,2,9.2,9552,M S WALKER INC             
18744,Ca'Momi Chard Napa Vly,14.99,750mL,750,2,7.58,10754,PERFECTA WINES             
25011,St Supery Rutherford Merlot,38.99,750mL,750,2,25.48,4425,MARTIGNETTI COMPANIES
25260,Lavergne Brdx Rouge,7.99,750mL,750,2,5.19,10754,PERFECTA WINES             
2230,Egan's Single Malt Irish Wh,49.99,750mL,750,1,37.59,9165,ULTRA BEVERAGE COMPANY LLP 
24732,Masi Serego Alighieri Vaio A,62.99,750mL,750,2,41.17,4692,KOBRAND CORPORATION        
90025,Ch Lagrange St Julien 11 GC,59.99,750mL,750,2,38.7,1703,ALISA CARR BEVERAGES           
46882,Urban Rsl Mosel,13.99,750mL,750,2,9.33,10754,PERFECTA WINES             
18734,Little Black Dress Divalicio,8.99,750mL,750,2,6.03,516,BANFI PRODUCTS CORP        
2231,Nikka Miyagikyo Single Malt,76.99,750mL,750,1,54.99,9165,ULTRA BEVERAGE COMPANY LLP 
2171,Pike Creek Canadian Whisky,24.99,750mL,750,1,14.49,17035,PERNOD RICARD USA          
1876,Midleton Rare Irish Whiskey,149.99,750mL,750,1,106.61,17035,PERNOD RICARD USA          
16699,Louis Cheze Viognier,24.99,750mL,750,2,16.23,4425,MARTIGNETTI COMPANIES
374,Relska Vodka,6.99,1000mL,1000,1,4.99,3960,DIAGEO NORTH AMERICA INC   
38088,Niebaum Coppola Edizne Znfdl,49.99,750mL,750,2,33.33,2000,SOUTHERN WINE & SPIRITS NE 
45129,Paul Hobbs Pnt Nr RRV,54.99,750mL,750,2,35.71,4425,MARTIGNETTI COMPANIES
26061,Centonze Frappato Rosso Sici,12.99,750mL,750,2,8.9,9552,M S WALKER INC             
25587,Geyser Peak Znfdl,7.99,750mL,750,2,5.44,2000,SOUTHERN WINE & SPIRITS NE 
38109,Canyon Oaks Shiraz Cal,11.99,1500mL,1500,2,7.79,10754,PERFECTA WINES             
23271,Darkhorse Merlot,7.99,750mL,750,2,5.36,3252,E & J GALLO WINERY         
26824,Cockburns 10-Yr Tawny Port,18.99,500mL,500,2,12.83,7240,"PREMIUM PORT WINES, INC.   "
6941,Bolla Pinot Grigio,9.99,750mL,750,2,6.2,516,BANFI PRODUCTS CORP        
26020,Hirsch Gruner Veltliner,18.99,750mL,750,2,12.41,10754,PERFECTA WINES             
13602,Frescobaldi Mormoreto Cab Sv,65.99,750mL,750,2,29.72,9165,ULTRA BEVERAGE COMPANY LLP 
34193,Kangarilla McLaren Vl Shiraz,21.99,750mL,750,2,14.96,7153,PINE STATE TRADING CO      
20576,Peregrine Pnt Nr,26.99,750mL,750,2,18.61,1587,VINEYARD BRANDS INC        
18881,Middle Sister Pnt Nr Goodie,9.99,750mL,750,2,6.53,9165,ULTRA BEVERAGE COMPANY LLP 
901,Creta Olympia White,5.99,375mL,375,2,3.92,10754,PERFECTA WINES             
23929,La Mura Blanco,8.99,750mL,750,2,4.66,90024,VINILANDIA USA             
25515,Bootstrap Red,7.99,750mL,750,2,5.47,10754,PERFECTA WINES             
21311,Cakebread Clrs Two Creeks 12,39.99,750mL,750,2,26.84,4692,KOBRAND CORPORATION        
23172,Castello Banfi Brun Montalcn,32.99,375mL,375,2,20.4,516,BANFI PRODUCTS CORP        
25505,B Doon Not Drinking Any Merl,9.99,750mL,750,2,6.62,4425,MARTIGNETTI COMPANIES
3144,Grey Goose Cherry Noir,0.99,50mL,50,1,0.78,480,BACARDI USA INC            
33672,Toasted Head Merlot Cal,10.99,750mL,750,2,7.18,1392,CONSTELLATION BRANDS INC   
7393,99 Blackberries,15.99,750mL,750,1,12.21,660,SAZERAC NORTH AMERICA INC. 
27083,Santa Margherita Rose Brut,19.99,750mL,750,2,13.69,4425,MARTIGNETTI COMPANIES
19604,Ch Lacoste-Borie Pauillac 10,42.99,750mL,750,2,28.66,7749,R.P.IMPORTS INC            
23998,Belguardo Serrata Toscana,9.99,750mL,750,2,6.75,6785,PALM BAY INTERNATIONAL INC 
21232,Barefoot Bubbly Prosecco,9.99,750mL,750,2,6.62,3252,E & J GALLO WINERY         
17934,Sea View Ridge Flower Pnt Nr,65.99,750mL,750,2,42.57,4425,MARTIGNETTI COMPANIES
21690,Kenwood Chard 12,8.49,750mL,750,2,5.55,17035,PERNOD RICARD USA          
3150,Svedka Mango Pineapple Vodka,10.99,750mL,750,1,8.65,1392,CONSTELLATION BRANDS INC   
25371,Alexander Vly Vyds Cab Svgn,9.99,375mL,375,2,6.84,7153,PINE STATE TRADING CO      
15549,CastelGiocondo Brunello 07,39.99,750mL,750,2,27.58,9165,ULTRA BEVERAGE COMPANY LLP 
41169,Vendange Cab Svgn,3.99,500mL,500,2,2.68,1392,CONSTELLATION BRANDS INC   
20090,Amauta Corte IV -Red Blend,19.99,750mL,750,2,11.99,90017,THE IMPORTED GRAPE LLC     
16724,Ch Haut Gravet Saint-Emillon,39.99,750mL,750,2,25.97,4425,MARTIGNETTI COMPANIES
3695,Rain Organics Vodka,11.99,750mL,750,1,7.68,8004,SAZERAC CO INC             
19574,Il Fauno Di Arcanum Toscana,24.99,750mL,750,2,16.23,9552,M S WALKER INC             
174,Sauza Silver VAP,14.99,750mL,750,1,9.41,12546,JIM BEAM BRANDS COMPANY    
8518,Ke Ke Beach,11.49,750mL,750,1,8.91,5992,MCCORMICK DISTILLING CO    
23472,Dom Vocoret & Fils Chabls 13,18.99,750mL,750,2,11.48,1590,DIAGEO CHATEAU ESTATE WINES
21329,Masi Campofiorin,17.99,750mL,750,2,10.52,9165,ULTRA BEVERAGE COMPANY LLP 
11970,Zaccagnini Montepulciano Rsv,18.99,750mL,750,2,7.71,2000,SOUTHERN WINE & SPIRITS NE 
14277,Ferrari Carano Tresor Rsv,54.99,750mL,750,2,32.67,2000,SOUTHERN WINE & SPIRITS NE 
23530,Santa Maria Alla Pieve Ripas,22.99,750mL,750,2,15.12,9552,M S WALKER INC             
4298,Bacardi Raspberry Rum,0.99,50mL,50,1,0.74,480,BACARDI USA INC            
20555,Red Newt Clrs Rsl Finger Lak,12.99,750mL,750,2,8.21,653,STATE WINE & SPIRITS   
27782,Jadot Savigny les Beaune 14,34.99,750mL,750,2,22.57,4692,KOBRAND CORPORATION        
2380,Paddy Bee Sting,15.99,750mL,750,1,12.4,17035,PERNOD RICARD USA          
8421,Beringer Classic Wh Znfdl,4.99,750mL,750,2,3.37,9819,TREASURY WINE ESTATES      
21343,Montecillo Rioja Crianza,14.99,750mL,750,2,10.13,7153,PINE STATE TRADING CO      
2467,Catskill Most Righteous Brbn,32.99,375mL,375,1,17.96,7153,PINE STATE TRADING CO      
45597,Pahlmeyer Merlot Napa,74.99,750mL,750,2,48.38,4425,MARTIGNETTI COMPANIES
1032,Woodford Rsv MC Classic Malt,89.99,750mL,750,1,70.86,1128,BROWN-FORMAN CORP          
25843,Ch Bois du Fil Brdx,14.99,750mL,750,2,10.13,7153,PINE STATE TRADING CO      
4882,Arrow Coffee Brandy,8.49,750mL,750,1,4.7,8352,LUXCO INC                  
3055,Pucker Sour Apple Sass Vodka,12.99,750mL,750,1,7.47,12546,JIM BEAM BRANDS COMPANY    
19488,Ram Island Mead Iced Tea,5.99,500mL,500,2,4.13,9165,ULTRA BEVERAGE COMPANY LLP 
23270,Campo Viejo Gr Cava Brut Rsv,9.99,750mL,750,2,6.7,17035,PERNOD RICARD USA          
2623,Ballantines,28.99,1750mL,1750,1,18.24,17035,PERNOD RICARD USA          
17351,Wine by Joe Pnt Nr,16.99,750mL,750,2,11.18,4425,MARTIGNETTI COMPANIES
24411,Marques de Grinon 10 Cab Svg,39.99,750mL,750,2,27.02,7153,PINE STATE TRADING CO      
26673,Honoro Vera Jumilla Rose,8.99,750mL,750,2,6.16,9552,M S WALKER INC             
25157,M Lynch Bordeaux Blanc Grave,16.99,750mL,750,2,10.27,10754,PERFECTA WINES             
22326,Saved Red,19.99,750mL,750,2,13.42,1392,CONSTELLATION BRANDS INC   
12816,Donum Russian River Pnt Nr,65.99,750mL,750,2,44.59,17037,Dunn Wine Brokers          
3533,Lidestri Pink Limoncello,17.99,750mL,750,1,13.23,7153,PINE STATE TRADING CO      
20670,Catena Zapata Nicasia Vyd,119.99,750mL,750,2,61.22,9552,M S WALKER INC             
1021,St Brendans Peppermint Bark,13.99,750mL,750,1,10.76,8352,LUXCO INC                  
23393,Havens Cab Svgn 11,17.99,750mL,750,2,11.68,9165,ULTRA BEVERAGE COMPANY LLP 
25592,Writer's Block 12 Lake Count,9.99,750mL,750,2,6.53,9552,M S WALKER INC             
22550,Jadot Chorey Les Beaune 12,29.99,750mL,750,2,20.4,4692,KOBRAND CORPORATION        
18230,Justin Chardonnay,11.49,750mL,750,2,7.92,9552,M S WALKER INC             
14348,De Martino Carmenere Estate,11.99,750mL,750,2,7.23,9165,ULTRA BEVERAGE COMPANY LLP 
12269,Snap Dragon Chard,8.99,750mL,750,2,5.8,1590,DIAGEO CHATEAU ESTATE WINES
14191,Ch Fage Graves de Vayres,14.99,750mL,750,2,7.28,7153,PINE STATE TRADING CO      
8878,San Matias Gran Rsva Anejo,49.99,750mL,750,1,36.76,8004,SAZERAC CO INC             
26327,Cellier des Dauphines CdR,7.99,750mL,750,2,5.29,90047,CRUSH WINES                
5414,Bols Amaretto Liqueur,9.99,750mL,750,1,6.15,6213,MHW LTD                    
3636,Dr McGillicuddy's Mentholmnt,7.49,375mL,375,1,5.03,8004,SAZERAC CO INC             
22967,Cambria Clone-4 Pnt Nr,21.99,750mL,750,2,14.28,9552,M S WALKER INC             
3085,Absolut Mini Bar 5/50mls,5.99,50mL 5 Pk,50,1,4.72,17035,PERNOD RICARD USA          
26592,Broadside Margarita 13 Cab S,19.99,750mL,750,2,13.07,9552,M S WALKER INC             
4302,Flora de Cana Black 5 YO Rum,16.99,750mL,750,1,11.15,3664,WILLIAM GRANT & SONS INC   
6755,Peter Vella Chablis B/B,14.99,5000mL,5000,2,10.34,3252,E & J GALLO WINERY         
20162,Hess Select Pnt Nr,17.99,750mL,750,2,7.43,4425,MARTIGNETTI COMPANIES
39414,Mirassou Svgn Bl Cal,9.99,750mL,750,2,6.75,3252,E & J GALLO WINERY         
23772,Ch Pontet Canet 12 Pauillac,133.99,750mL,750,2,86.45,10754,PERFECTA WINES             
2035,Glen Moray Classic Scotch,19.99,750mL,750,1,14.28,7153,PINE STATE TRADING CO      
35380,Liberty School Chard Cntrl C,15.99,750mL,750,2,8.6,4425,MARTIGNETTI COMPANIES
23960,St Francis Svgn Blanc Sonoma,10.99,750mL,750,2,4.19,4692,KOBRAND CORPORATION        
10451,Line 39 Cab Svgn Lake Cnty,9.99,750mL,750,2,5.29,7153,PINE STATE TRADING CO      
18575,Sartori Amarone,39.99,750mL,750,2,26.34,516,BANFI PRODUCTS CORP        
26508,Ch Maycott Red,10.49,750mL,750,2,6.81,7153,PINE STATE TRADING CO      
20290,Louis Jadot Chorey Beauns 11,28.99,750mL,750,2,18.95,4692,KOBRAND CORPORATION        
16370,Zinsane Znfdl Lodi,7.99,750mL,750,2,5.44,90024,VINILANDIA USA             
43890,Oyster Bay Hawkes Bay Merlot,15.99,750mL,750,2,10.88,4425,MARTIGNETTI COMPANIES
3403,UV Pink Lemonade Vodka,7.99,750mL,750,1,6.29,9206,PHILLIPS PRODUCTS CO.      
15319,Angoves Nine Vines Moscato,11.99,750mL,750,2,7.89,8892,TRINCHERO FAMILY ESTATES   
8023,DeKuyper Triple Sec,4.99,750mL,750,1,3.28,12546,JIM BEAM BRANDS COMPANY    
23783,Pavillon du Ch Margaux 12 Ma,167.99,750mL,750,2,114.28,10754,PERFECTA WINES             
24159,Krupp Bros The Doctor Red,99.99,750mL,750,2,67.56,10754,PERFECTA WINES             
10265,Fort Ross RSV Pnt Nr Sonoma,65.99,750mL,750,2,44.29,10754,PERFECTA WINES             
20206,Terra Rouge Syrah Sierra Foo,33.99,750mL,750,2,22.51,90024,VINILANDIA USA             
21883,Chusclan Les Genets CDR,7.99,750mL,750,2,4.6,9165,ULTRA BEVERAGE COMPANY LLP 
17330,Sean Minor 4B Pinot Noir,16.99,750mL,750,2,8.96,4425,MARTIGNETTI COMPANIES
24092,Ch Pradeux Bandol Rouge,42.99,750mL,750,2,27.92,90010,VINEXTRA INC               
2047,Sheep Dip Scotch,34.99,750mL,750,1,25.36,9744,FREDERICK WILDMAN & SONS   
27461,Ecco Domani Pnt Grigio Venez,8.99,750mL,750,2,6.12,3252,E & J GALLO WINERY         
23692,R Mondavi Merlot Napa,19.99,750mL,750,2,12.66,1392,CONSTELLATION BRANDS INC   
2188,Wiggly Bridge White Whisky,49.99,750mL,750,1,37.59,4425,MARTIGNETTI COMPANIES
43293,Fish Eye Shiraz,12.99,1500mL,1500,2,8.44,9815,WINE GROUP INC             
10596,Almaden Mt Rhine Calif B/B,16.99,5000mL,5000,2,9.86,9815,WINE GROUP INC             
11320,Edna Valley Paragon Svgn Bl,11.99,750mL,750,2,7.74,3252,E & J GALLO WINERY         
19838,Emido Pepe Mntplcno D'Abr 01,321.99,1500mL,1500,2,219.04,9165,ULTRA BEVERAGE COMPANY LLP 
27171,Gagliole 13 Rubiolo Chianti,15.99,750mL,750,2,10.88,9552,M S WALKER INC             
5771,Art In The Age Snap,32.99,750mL,750,1,22.38,3664,WILLIAM GRANT & SONS INC   
36383,F Coppola Sofia Bl de Bl,13.99,750mL,750,2,9.39,2000,SOUTHERN WINE & SPIRITS NE 
23554,Riva Rose Brut,14.99,750mL,750,2,10.34,7153,PINE STATE TRADING CO      
3689,Stolichnaya Vanil,16.99,750mL,750,1,12.77,8664,"STOLI GROUP,(USA) LLC      "
6003,Jack Daniels 150th Annversry,99.99,1000mL,1000,1,72.99,1128,BROWN-FORMAN CORP          
16923,Ch Fonroque 09 Brdx St Emill,47.99,750mL,750,2,22.14,9165,ULTRA BEVERAGE COMPANY LLP 
26716,Arpa Brunello di Montalcino,31.99,750mL,750,2,21.76,10754,PERFECTA WINES             
41003,Yaegaki Nigori Sake,21.99,720mL,720,2,14.28,4425,MARTIGNETTI COMPANIES
19262,Eden Orleans Bitter,29.99,750mL,750,2,17.41,90047,CRUSH WINES                
22842,Corral De Peidra Cab Svgn,11.99,750mL,750,2,7.28,7153,PINE STATE TRADING CO      
12585,F Coppola Sophia Rsl,17.99,750mL,750,2,9.99,2000,SOUTHERN WINE & SPIRITS NE 
33206,Bodegas Faustino V RSV Rioj,15.99,750mL,750,2,10.66,6785,PALM BAY INTERNATIONAL INC 
42018,Falesco Vitiano Umbria Bian,11.99,750mL,750,2,7.94,2000,SOUTHERN WINE & SPIRITS NE 
23060,Navarro Vyds Pnt Nr l'Ancien,29.99,750mL,750,2,19.99,90047,CRUSH WINES                
31195,Northstar Merlot Columbia,26.99,750mL,750,2,17.53,8673,STE MICHELLE WINE ESTATES  
12368,Vina Zaco Tempranillo Rioja,10.99,750mL,750,2,7.09,9165,ULTRA BEVERAGE COMPANY LLP 
18134,Joel Gott Alakai Red,13.99,750mL,750,2,9.65,8892,TRINCHERO FAMILY ESTATES   
23390,Conti Zecca Primitivo,4.49,750mL,750,2,2.95,9165,ULTRA BEVERAGE COMPANY LLP 
3506,Llord's Amaretto,5.99,1000mL,1000,1,4.68,2396,BLACK PRINCE DISTILLERY INC
21529,Ch St Sulpice Rose 13,12.99,750mL,750,2,8.44,9744,FREDERICK WILDMAN & SONS   
4114,Don Q Cristal Rum,0.99,50mL,50,1,0.79,6213,MHW LTD                    
26211,Compilation Cab Svgn,5.49,750mL,750,2,3.56,9165,ULTRA BEVERAGE COMPANY LLP 
10163,Andre Bjls Vlgs La Treille,13.99,750mL,750,2,9.2,10754,PERFECTA WINES             
27202,DeLoach Sonoma Cnty Chard,9.99,750mL,750,2,6.8,4425,MARTIGNETTI COMPANIES
25736,Moulin de Gassac Guilhem Red,7.99,750mL,750,2,5.47,9165,ULTRA BEVERAGE COMPANY LLP 
16440,Banshee Cab Svgn Napa Vly,34.99,750mL,750,2,21.33,9552,M S WALKER INC             
27492,F Coppola Cab S King Kong DC,21.99,750mL,750,2,14.56,2000,SOUTHERN GLAZERS W&S OF NE 
6296,Taylor Sherry,7.79,1500mL,1500,2,5.34,1392,CONSTELLATION BRANDS INC   
3233,Belvedere Wild Berry,22.99,750mL,750,1,16.66,8112,MOET HENNESSY USA INC      
17342,Salmon & Trout Bordeaux Blnc,7.99,750mL,750,2,2.97,8735,SURVILLE ENTERPRISES CORP  
7680,Viniq Shimmery Glow,24.99,750mL,750,1,19.68,3252,E & J GALLO WINERY         
21152,Flight Song Pnt Grigio,7.79,750mL,750,2,3.92,17035,PERNOD RICARD USA          
24203,Vega Sindoa 14 Garnacha Nava,6.99,750mL,750,2,4.82,9552,M S WALKER INC             
21044,Alexander Vly Vyds Chard,18.99,750mL,750,2,12.74,7153,PINE STATE TRADING CO      
14389,Cedar Knoll Vyd Cab Svgn Npa,39.99,750mL,750,2,25.8,9552,M S WALKER INC             
3304,Hook's Black Spiced Rum,19.99,1750mL,1750,1,14.38,5992,MCCORMICK DISTILLING CO    
17747,Penner-Ash Viognier,27.99,750mL,750,2,17.99,9165,ULTRA BEVERAGE COMPANY LLP 
22700,Paul Hobbs Pnt Nr Katherine,84.99,750mL,750,2,58.21,4425,MARTIGNETTI COMPANIES
25355,Bench Chardonnay,21.99,750mL,750,2,14.96,90024,VINILANDIA USA             
19937,Viu Manent Carmenere Gr Rsva,11.99,750mL,750,2,8.27,653,STATE WINE & SPIRITS   
46185,Bonny Doon Pousseur Syrah,22.99,750mL,750,2,15.75,4425,MARTIGNETTI COMPANIES
34431,Beaulieu Cab Svgn Napa,17.99,750mL,750,2,10.32,1590,DIAGEO CHATEAU ESTATE WINES
16069,Voila Cellars Pnt Nr,18.99,750mL,750,2,12.92,17037,Dunn Wine Brokers          
18652,Januik Merlot Columbia Vly,24.99,750mL,750,2,15.53,9165,ULTRA BEVERAGE COMPANY LLP 
1542,Bowen's American Whiskey,29.99,750mL,750,1,22.72,9751,VINEDREA WINES LLC         
20605,Viu Manent Cab Svgn La Capil,13.99,750mL,750,2,9.65,653,STATE WINE & SPIRITS   
42741,Il Poggio Sangiovese Rubico,13.99,750mL,750,2,9.08,9165,ULTRA BEVERAGE COMPANY LLP 
24198,Route 128 Est Pnt Nr Santa B,18.99,750mL,750,2,12.74,2000,SOUTHERN WINE & SPIRITS NE 
46371,Carlo Rossi RSV Cab Svgn Cal,16.99,5000mL,5000,2,11.25,3252,E & J GALLO WINERY         
17378,Terrazas Torrontes Rsv 10,11.99,750mL,750,2,8.27,8112,MOET HENNESSY USA INC      
4686,Courvoisier VS Cognac,54.99,1750mL,1750,1,42.96,12546,JIM BEAM BRANDS COMPANY    
23078,Sbragia Home Ranch Merlot,21.99,750mL,750,2,14.19,4425,MARTIGNETTI COMPANIES
24921,Appolo Vyds Seyval,15.49,750mL,750,2,10.4,287,APPOLO VINEYARDS LLC       
5780,Malibu Black,14.99,750mL,750,1,10.44,17035,PERNOD RICARD USA          
35590,Tiziano Chianti,10.99,750mL,750,2,7.53,9552,M S WALKER INC             
19176,Sutter Home Red Moscato,9.99,1500mL,1500,2,6.66,8892,TRINCHERO FAMILY ESTATES   
15355,Decoy Duckhorn Chard Sonoma,15.99,750mL,750,2,9.12,4425,MARTIGNETTI COMPANIES
19208,Epica Red,9.99,750mL,750,2,6.7,8320,SHAW ROSS INT L IMP LTD    
7311,New Amsterdam Peach Vodka,15.99,1750mL,1750,1,11.76,3252,E & J GALLO WINERY         
27285,Ch Grand Puy-Lacst Pauilc 07,73.99,750mL,750,2,50.33,10754,PERFECTA WINES             
2018,Jack Daniels Tennessee Honey,29.99,1000mL,1000,1,22.38,1128,BROWN-FORMAN CORP          
23761,Ch Malartic-Lagraviere 12  P,49.99,750mL,750,2,32.46,10754,PERFECTA WINES             
2339,Alberta Rye Dark Batch,25.99,750mL,750,1,15.82,12546,JIM BEAM BRANDS COMPANY    
2563,Greenore Irish Whiskey,49.99,750mL,750,1,34.61,12546,JIM BEAM BRANDS COMPANY    
2432,Crown Royal,22.99,750mL,750,1,17.59,3960,DIAGEO NORTH AMERICA INC   
890,Sobieski Cytron Vodka,9.99,1000mL,1000,1,7.46,9552,M S WALKER INC             
16954,Mapuche Cabernet Svgn,11.99,750mL,750,2,7.09,90011,FORTUNE WINE BROKERS LLC   
15091,Double T Trefethen Red,25.99,750mL,750,2,17.92,4425,MARTIGNETTI COMPANIES
10336,Poema Brut Cava Penedes,11.99,750mL,750,2,8.1,4692,KOBRAND CORPORATION        
44708,Trentadue Old Patch Red Son,11.99,750mL,750,2,7.53,10754,PERFECTA WINES             
27398,Talley Vyds Stone Corral Pnt,49.99,750mL,750,2,34.24,4425,MARTIGNETTI COMPANIES
41253,Ch St Jean Cab Svgn Cal,9.99,750mL,750,2,6.09,9819,TREASURY WINE ESTATES      
31618,Chartron La Fleur Brdx Whit,9.99,750mL,750,2,6.57,9552,M S WALKER INC             
19264,Dom de Marcoux 12 Nerf Rouge,69.99,750mL,750,2,47.94,9552,M S WALKER INC             
13253,Domus Aurea Cab Svgn,55.49,750mL,750,2,36.27,90017,THE IMPORTED GRAPE LLC     
38105,Canyon Oaks Chard Cal,11.99,1500mL,1500,2,8.05,10754,PERFECTA WINES             
24937,NH Winter Warmer Red,17.49,750mL,750,2,11.43,90057,WALPOLE MTN VIEW WINERY    
25605,Frog's Leap Petite Sirah,34.99,750mL,750,2,24.13,4425,MARTIGNETTI COMPANIES
18165,Lyrarakis Kotsifali,11.99,750mL,750,2,8.16,12331,STELLAR IMPORTING CO LLC   
4858,Kraken Black Spiced Rum,0.99,50mL,50,1,0.71,7245,PROXIMO SPIRITS INC.       
26047,Tamellini Soave DOC,14.99,750mL,750,2,9.99,9552,M S WALKER INC             
26247,Roederer Brut Premier,49.99,750mL,750,2,32.46,2000,SOUTHERN WINE & SPIRITS NE 
36061,Ch Lynch Bages 10,264.99,750mL,750,2,128.37,10754,PERFECTA WINES             
2141,Loch Lomond 12 Yr,60.99,750mL,750,1,48.4,9165,ULTRA BEVERAGE COMPANY LLP 
13930,Gallo Copperidge Pnt Grigio,6.99,1500mL,1500,2,4.72,3252,E & J GALLO WINERY         
4540,Chase Elderflower Liqueur,29.99,750mL,750,1,22.72,6785,PALM BAY INTERNATIONAL INC 
13147,F Coppola Directors Pnt Nr,19.99,750mL,750,2,13.01,2000,SOUTHERN WINE & SPIRITS NE 
21149,Graffigna Centenario Cab Svg,6.99,750mL,750,2,4.6,17035,PERNOD RICARD USA          
24026,Bella Bellina FrongoLata,9.99,750mL,750,2,6.8,7153,PINE STATE TRADING CO      
25603,Verrazzano Chianti Clsc,17.99,750mL,750,2,11.4,6785,PALM BAY INTERNATIONAL INC 
16663,Astoria Prosecco 08,12.99,750mL,750,2,8.78,7153,PINE STATE TRADING CO      
12111,LaBelle Winery Cranberry,15.99,750mL,750,2,10.73,90032,LABELLE VYDS AND WINERY    
27515,Clos du Bois RSV Chard RRV,13.99,750mL,750,2,8.96,1392,CONSTELLATION BRANDS INC   
13062,P Michael Apres Midi Svgn Bl,52.99,750mL,750,2,33.33,4425,MARTIGNETTI COMPANIES
25134,Vendange Wh Znfdl,6.99,187mL 4 Pk,187,2,4.72,1392,CONSTELLATION BRANDS INC   
15009,Sean Minor Cab Svgn,19.99,750mL,750,2,12.58,4425,MARTIGNETTI COMPANIES
8929,Sebastiani Chard Sonoma,8.99,750mL,750,2,5.8,4425,MARTIGNETTI COMPANIES
2690,Black Velvet Reserve,11.99,750mL,750,1,7.35,1392,CONSTELLATION BRANDS INC   
20789,Zin-phomaniac Znfdl,14.99,750mL,750,2,9.73,200,AMERICAN SPIRITS EXCHANGE  
90011,Ch Pichon Longville 12 Pauil,144.99,750mL,750,2,94.76,1703,ALISA CARR BEVERAGES           
23661,Bouvier Morey St Denis Rue d,48.99,750mL,750,2,32.66,4425,MARTIGNETTI COMPANIES
22477,Mionetto IL Moscato,12.99,750mL,750,2,8.49,9552,M S WALKER INC             
43923,Farnum Hill Summer Cider,11.99,750mL,750,2,8.21,90027,POVERTY LANE ORCHARDS      
32545,Artesa Carneros Chard,16.99,750mL,750,2,10.27,9165,ULTRA BEVERAGE COMPANY LLP 
20345,Milbrandt Rsl Columbia Vly,11.99,750mL,750,2,8.21,653,STATE WINE & SPIRITS   
21213,Volcanes Summit Series Cab S,12.99,750mL,750,2,8.49,90024,VINILANDIA USA             
33264,Churchills LBV Port,25.99,750mL,750,2,17.56,9744,FREDERICK WILDMAN & SONS   
1885,Seagrams 7 PET,9.99,750mL,750,1,7.99,3960,DIAGEO NORTH AMERICA INC   
2280,The Botanist Islay Dry Gin,36.99,750mL,750,1,27.4,7239,REMY COINTREAU USA INC     
19942,Viu Manent Estate Rsv Malbec,7.99,750mL,750,2,5.47,653,STATE WINE & SPIRITS   
1882,Seagrams 7 Crown,4.99,375mL,375,1,3.7,3960,DIAGEO NORTH AMERICA INC   
26680,S A Prum Luminance Rsl Mosel,7.99,750mL,750,2,5.44,6785,PALM BAY INTERNATIONAL INC 
19673,Tavernello Pinot Grigio IGT,11.99,1500mL,1500,2,8.27,7153,PINE STATE TRADING CO      
20400,Ilauri Le Pinciaie 10 Red,13.99,750mL,750,2,9.08,7255,PSP WINES 
21298,De La Costa Sangria,6.99,1000mL,1000,2,4.6,9165,ULTRA BEVERAGE COMPANY LLP 
40444,Santa Ema Reserve Merlot,11.99,750mL,750,2,8.05,4425,MARTIGNETTI COMPANIES
21469,St Supery Cab Svgn,29.99,750mL,750,2,19.6,4425,MARTIGNETTI COMPANIES
13606,Neal Petite Syrah Rutherford,37.99,750mL,750,2,26.2,10754,PERFECTA WINES             
35667,Redwood Creek Merlot Cal,6.29,750mL,750,2,4.14,3252,E & J GALLO WINERY         
20758,Feudo Zirtari Chardonnay In,13.99,750mL,750,2,9.26,2000,SOUTHERN WINE & SPIRITS NE 
17118,Heitz Martha's Vyd Cab Svgn,224.99,750mL,750,2,145.15,4425,MARTIGNETTI COMPANIES
6472,Richards Wild Irish Rose Red,3.99,750mL,750,2,2.71,1392,CONSTELLATION BRANDS INC   
12125,Gallo Family Vyds Sweet Red,9.99,1500mL,1500,2,6.7,3252,E & J GALLO WINERY         
24715,Banfi Summus Tuscany Red,63.99,750mL,750,2,39.47,516,BANFI PRODUCTS CORP        
24161,Krupp Bros Chard,65.99,750mL,750,2,42.57,10754,PERFECTA WINES             
43614,Ramey Ritchie Vyd Chard RRV,56.99,750mL,750,2,39.03,4425,MARTIGNETTI COMPANIES
90082,Ch Brane Cantenac Margaux 11,64.99,750mL,750,2,41.93,1703,ALISA CARR BEVERAGES           
7489,99 Blackberries,0.99,50mL,50,1,0.75,660,SAZERAC NORTH AMERICA INC. 
3235,Absolut Berri Acai,16.99,750mL,750,1,12.4,17035,PERNOD RICARD USA          
15466,Mirassou Moscato,8.99,750mL,750,2,6.03,3252,E & J GALLO WINERY         
22823,Fincas de Ganuza 03 Rsva,53.99,750mL,750,2,31.07,9552,M S WALKER INC             
36769,Toad Hollow Rose Eye Pnt Nr,12.99,750mL,750,2,5.15,9552,M S WALKER INC             
11238,Willamette Whole Clst Pnt Nr,20.99,750mL,750,2,13.24,2000,SOUTHERN WINE & SPIRITS NE 
666,McCormick Raspberry Vodka,6.99,1000mL,1000,1,5.38,5992,MCCORMICK DISTILLING CO    
20383,Fabrizio Dionisio Cast Syrah,13.99,750mL,750,2,9.03,7255,PSP WINES 
18658,Samos High Peaks Muscat,15.99,750mL,750,2,7.92,10754,PERFECTA WINES             
23015,Marietta Clrs ARME Red,24.99,750mL,750,2,16.89,7153,PINE STATE TRADING CO      
18910,Luca Bosio Moscato d'Asti,10.49,750mL,750,2,7.14,4425,MARTIGNETTI COMPANIES
19850,Barefoot Cellars Malbec,10.99,1500mL,1500,2,7.53,3252,E & J GALLO WINERY         
20702,Sanford La Riconda Pnt Nr,58.99,750mL,750,2,24.67,4425,MARTIGNETTI COMPANIES
34395,Valckenberg Madonna Kabinet,11.99,750mL,750,2,7.99,10754,PERFECTA WINES             
26372,Anselmi San Vincenzo,5.99,375mL,375,2,4.07,4425,MARTIGNETTI COMPANIES
17431,Rhiannon Proprietor's Red,10.99,750mL,750,2,7.09,4425,MARTIGNETTI COMPANIES
14724,Tozai Blossom of Peace,18.99,720mL,720,2,11.48,653,STATE WINE & SPIRITS   
15314,Korbel Sweet Cuvee,12.99,750mL,750,2,8.96,1128,BROWN-FORMAN CORP          
2806,Atholl Brose Scotch Liqueur,54.99,750mL,750,1,39.85,4425,MARTIGNETTI COMPANIES
2427,13th Colony Sthrn Corn Whsky,29.99,750mL,750,1,15.93,9165,ULTRA BEVERAGE COMPANY LLP 
9361,KAH Anejo Tequila,64.99,750mL,750,1,48.5,9165,ULTRA BEVERAGE COMPANY LLP 
23240,14 Hands Red Blend Ltd,7.99,750mL,750,2,5.4,8673,STE MICHELLE WINE ESTATES  
16991,Ch Bellevue St-Emil 09 Gr Cr,97.99,750mL,750,2,46.66,4425,MARTIGNETTI COMPANIES
741,Catdaddy,22.99,750mL,750,1,16.42,9165,ULTRA BEVERAGE COMPANY LLP 
19890,Voga Prosecco Brut DOCG,16.99,750mL,750,2,11.03,9552,M S WALKER INC             
2184,Bonnie Rose Orange Peel,19.99,750mL,750,1,11.36,480,BACARDI USA INC            
20100,Champagne Le Miesnil Brut,32.99,750mL,750,2,15.03,9165,ULTRA BEVERAGE COMPANY LLP 
20092,Dos Minas Torrontes,11.99,750mL,750,2,7.53,90017,THE IMPORTED GRAPE LLC     
36989,Duck Pond Chard Wash,10.99,750mL,750,2,7.43,10754,PERFECTA WINES             
21027,Kinsella Est Cab Svgn 10,119.99,750mL,750,2,79.3,9165,ULTRA BEVERAGE COMPANY LLP 
5874,99 Bananas,0.99,50mL,50,1,0.79,660,SAZERAC NORTH AMERICA INC. 
23377,The Loop Svgn Bl,13.99,750mL,750,2,9.33,10754,PERFECTA WINES             
247,Gran Patron Platinum Tequil,199.99,750mL,750,1,156.24,9165,ULTRA BEVERAGE COMPANY LLP 
17047,Murphy-Goode All In Claret,20.99,750mL,750,2,13.33,9552,M S WALKER INC             
936,Tanteo Cocoa Tequila,39.99,750mL,750,1,31.49,9165,ULTRA BEVERAGE COMPANY LLP 
22579,Fox Brook Cab Svgn,6.99,750mL,750,2,4.82,9552,M S WALKER INC             
19056,Wolf Blass Yellow Lbl Chard,9.99,750mL,750,2,5.88,9819,TREASURY WINE ESTATES      
15392,Cupcake Riesling,8.99,750mL,750,2,4.96,9815,WINE GROUP INC             
19054,Chateau Gazin Pomerol 10,129.99,750mL,750,2,89.65,7749,R.P.IMPORTS INC            
17399,Ch Coutet Barsac 09 Brdx,99.99,750mL,750,2,53.37,10754,PERFECTA WINES             
25896,JeanJean Mas de Lunes 12,15.99,750mL,750,2,10.66,9165,ULTRA BEVERAGE COMPANY LLP 
22941,Haut-Bailly Pessc Leognan 06,348.99,1500mL,1500,2,225.15,7153,PINE STATE TRADING CO      
5549,Don Ramon Reposado Tequila,34.99,750mL,750,1,25.36,9165,ULTRA BEVERAGE COMPANY LLP 
173,Hornitos Reposado VAP,22.99,750mL,750,1,14.7,12546,JIM BEAM BRANDS COMPANY    
27798,Casa Lapostolle Svgn Bl,9.99,750mL,750,2,6.49,4425,MARTIGNETTI COMPANIES
2847,The Quiet Man Irish Whiskey,39.99,750mL,750,1,28.56,8352,LUXCO INC                  
23934,Talmard Macon Chard,17.99,750mL,750,2,11.91,90024,VINILANDIA USA             
31202,Beringer Fndrs Est Chard,8.99,750mL,750,2,6.07,9819,TREASURY WINE ESTATES      
3872,Sobieski Estate Rye Vodka,21.99,750mL,750,1,17.31,9552,M S WALKER INC             
3622,Spud Potato Vodka,19.99,750mL,750,1,14.45,10050,Russian Standard Vodka     
44650,Nickel Branding Irn Cab Svgn,95.99,750mL,750,2,66.2,4425,MARTIGNETTI COMPANIES
17908,Rex Goliath Pink Moscato,7.99,750mL,750,2,3.99,1392,CONSTELLATION BRANDS INC   
15677,Six Hats Chenin Blanc,11.99,750mL,750,2,7.94,653,STATE WINE & SPIRITS   
3703,OuterSpace Vodka,5.99,50mL,50,1,4.64,10754,PERFECTA WINES             
16782,Penner-Ash Willamette Pnt Nr,37.99,750mL,750,2,24.5,9165,ULTRA BEVERAGE COMPANY LLP 
44081,Wente Riva Ranch Chard,16.99,750mL,750,2,10.96,2000,SOUTHERN WINE & SPIRITS NE 
2628,Dewars Special RSV 12-Yr,31.99,750mL,750,1,23.43,480,BACARDI USA INC            
35716,Miner Gary's Vyd Pnt Nr,56.99,750mL,750,2,37.99,4425,MARTIGNETTI COMPANIES
26950,Firefly Ridge Chard,5.79,750mL,750,2,3.99,9815,WINE GROUP INC             
25063,Jadot Savigny 13 Clos de Gue,39.99,750mL,750,2,27.58,4692,KOBRAND CORPORATION        
6375,Christian Bros Dry Sherry,5.49,750mL,750,2,3.76,3924,HEAVEN HILL DISTILLERIES   
5891,Ryans Irish Cream,15.99,1750mL,1750,1,11.84,8004,SAZERAC CO INC             
1259,St George Gin 3/200mls Combo,27.99,200mL 3 Pk,200,1,21.05,9165,ULTRA BEVERAGE COMPANY LLP 
21485,Ch Lynch Moussas Pauilac,45.99,750mL,750,2,23.22,10754,PERFECTA WINES             
2936,Abraham Bowman Ltd Edition,69.99,750mL,750,1,53.02,8004,SAZERAC CO INC             
41412,Crios Rose of Malbec,11.99,750mL,750,2,8.21,9165,ULTRA BEVERAGE COMPANY LLP 
22565,Clayhouse Cab Svgn,183.99,19500mL,19500,2,118.7,4425,MARTIGNETTI COMPANIES
19577,Forma de Art Red,14.99,750mL,750,2,9.45,10754,PERFECTA WINES             
16208,Inman Family OGV Est Pnt Nr,46.99,750mL,750,2,30.51,90024,VINILANDIA USA             
2885,Patron Anejo Tequila BTB,61.99,750mL,750,1,46.61,9165,ULTRA BEVERAGE COMPANY LLP 
2102,West Cork 10Yr S Malt Irish,32.99,750mL,750,1,25.57,9552,M S WALKER INC             
16684,Sokol Blosser Evolution Red,15.99,750mL,750,2,11.03,4425,MARTIGNETTI COMPANIES
2448,Seagrams VO Gold,15.99,750mL,750,1,11.42,3960,DIAGEO NORTH AMERICA INC   
25704,Murphy-Goode Chard Sonoma,12.99,750mL,750,2,7.53,9552,M S WALKER INC             
35855,Botromagno Gravina,7.49,750mL,750,2,5.17,2000,SOUTHERN WINE & SPIRITS NE 
41530,Septima Malbec Mendoza,9.99,750mL,750,2,5.84,9165,ULTRA BEVERAGE COMPANY LLP 
44857,Fairview Pinotage Paarl,13.99,750mL,750,2,9.45,1587,VINEYARD BRANDS INC        
26652,Arrowood Sonoma Est Cab Svgn,16.99,750mL,750,2,11.18,9552,M S WALKER INC             
8279,Nardini Tagliatella Liqueur,24.99,375mL,375,1,18.65,7153,PINE STATE TRADING CO      
4833,Plantation Original Dark Rum,17.99,750mL,750,1,10.78,9552,M S WALKER INC             
27349,Murphy-Goode California Red,13.99,750mL,750,2,9.39,9552,M S WALKER INC             
17988,Porta Vita Blush Rosato,11.99,1500mL,1500,2,8.1,6785,PALM BAY INTERNATIONAL INC 
19044,Tasca d'Almerita 08 Cab Svgn,51.99,750mL,750,2,35.37,2000,SOUTHERN WINE & SPIRITS NE 
25573,Louis Latour 12 Bourgogne Ga,11.99,750mL,750,2,8.21,9552,M S WALKER INC             
1468,Knob Creek Single Barrel Rsv,44.99,750mL,750,1,31.49,12546,JIM BEAM BRANDS COMPANY    
32203,Rancho Zabaco Heritage Znfdl,12.99,750mL,750,2,8.38,3252,E & J GALLO WINERY         
28658,R Mondavi Pnt Nr Pvt Sel,7.99,750mL,750,2,4.53,1392,CONSTELLATION BRANDS INC   
18812,Sweet Baby Vyds Strawberry,12.49,750mL,750,2,8.5,90056,SWEET BABY VINEYARD        
34339,Snoqualmie Svgn Bl Columbia,6.99,750mL,750,2,4.82,8673,STE MICHELLE WINE ESTATES  
20619,Cims del Monstant,9.49,750mL,750,2,6.5,7153,PINE STATE TRADING CO      
44106,Carmel Road Unoaked Chard Mo,14.99,750mL,750,2,9.86,9552,M S WALKER INC             
35977,Jaboulet Cotes du Rhone Par,11.99,750mL,750,2,7.79,9744,FREDERICK WILDMAN & SONS   
8203,Grand Marnier,1.99,50mL,50,1,1.51,8112,MOET HENNESSY USA INC      
465,Corralejo Reposado Tequila,44.99,750mL,750,1,35.99,9165,ULTRA BEVERAGE COMPANY LLP 
26093,Pietro Rinaldi Argante Nebbi,25.99,750mL,750,2,16.88,1650,Circa Wines                
24152,Grape Time Super Tuscan,13.49,750mL,750,2,9.24,90053,INCREDIBREW INC            
6946,Rosemount Diamond Cab Svgn,6.99,750mL,750,2,4.79,4425,MARTIGNETTI COMPANIES
27014,Jean-Claude Boisset Gev-Chmb,69.99,750mL,750,2,46.97,10754,PERFECTA WINES             
24510,Tin Barn Svgn B Hi Vista Vyd,15.99,750mL,750,2,10.8,1650,Circa Wines                
18467,K Vintners Cab Svgn Stonerid,46.99,750mL,750,2,31.75,10754,PERFECTA WINES             
18923,Rendezvous Rose,14.99,750mL,750,2,9.99,90047,CRUSH WINES                
5507,Arrow Blackberry Brandy,7.99,750mL,750,1,4.54,8352,LUXCO INC                  
335,Canadian Club Sherry Cask,22.99,750mL,750,1,17.16,12546,JIM BEAM BRANDS COMPANY    
21131,Fire Brix Cab Svgn,9.49,750mL,750,2,6.12,7153,PINE STATE TRADING CO      
2770,Hudson Single Malt Whiskey,39.99,375mL,375,1,31.0,3664,WILLIAM GRANT & SONS INC   
4261,Capt Morgan Spiced Rum,22.99,1750mL,1750,1,16.17,3960,DIAGEO NORTH AMERICA INC   
3761,Ciroc Apple Vodka,47.99,1750mL,1750,1,34.28,3960,DIAGEO NORTH AMERICA INC   
5087,Dr McGillicuddy's Peach,15.99,750mL,750,1,9.35,8004,SAZERAC CO INC             
32988,Barefoot Cab Svgn Cal,6.29,750mL,750,2,3.26,3252,E & J GALLO WINERY         
23777,Ch Smith Haut Lafitte 12 Whi,128.99,750mL,750,2,87.16,10754,PERFECTA WINES             
4040,Clement Select Barrel Rhum,24.99,750mL,750,1,17.98,9165,ULTRA BEVERAGE COMPANY LLP 
21446,La Demoiselle Sociando Haut,24.99,750mL,750,2,17.0,10754,PERFECTA WINES             
20222,Nantucket Vyd Chard,14.99,750mL,750,2,9.99,4425,MARTIGNETTI COMPANIES
43014,Anastasi Estates Cab Svgn,13.99,750mL,750,2,9.2,7749,R.P.IMPORTS INC            
5322,Linie Aquavit,22.99,750mL,750,1,17.42,4692,KOBRAND CORPORATION        
3158,Pinnacle Tropical Punch,16.99,1750mL,1750,1,12.77,12546,JIM BEAM BRANDS COMPANY    
2401,Sea Hagg Poitin White Whisky,8.99,200mL,200,1,6.86,8150,SEA HAGG DISTILLERY LLC    
3540,Llord's Long Island Iced Tea,5.99,1000mL,1000,1,4.79,2396,BLACK PRINCE DISTILLERY INC
15300,Riunite D'Oro Moscato,5.99,750mL,750,2,4.1,516,BANFI PRODUCTS CORP        
21468,La Chapelle de la Mission Ha,101.99,750mL,750,2,54.48,10754,PERFECTA WINES             
22543,Jadot Santenay Clos Rous 12,34.99,750mL,750,2,23.48,4692,KOBRAND CORPORATION        
20095,Ch Monestier La Tour Blanc,14.99,750mL,750,2,8.55,1650,Circa Wines                
42275,Blackstone Merlot Cal,19.99,1500mL,1500,2,12.9,1392,CONSTELLATION BRANDS INC   
3346,Nautical Gin,32.99,750mL,750,1,25.57,9165,ULTRA BEVERAGE COMPANY LLP 
4994,Laird's Jersey Lightning,19.99,750mL,750,1,15.62,4848,LAIRD & CO                 
8553,Dekuyper Blue Curacao,6.99,750mL,750,1,5.22,12546,JIM BEAM BRANDS COMPANY    
20744,Banshee Chard,19.99,750mL,750,2,8.55,9552,M S WALKER INC             
1535,Gentleman Jack,3.99,50mL,50,1,3.14,1128,BROWN-FORMAN CORP          
9360,KAH Blanco Tequila,44.99,750mL,750,1,35.99,9165,ULTRA BEVERAGE COMPANY LLP 
5126,Marzadro Le Diciotto Lune,54.99,750mL,750,1,41.35,10754,PERFECTA WINES             
27393,Victor Vineyards Cab Svgn 13,9.99,750mL,750,2,6.45,9165,ULTRA BEVERAGE COMPANY LLP 
44186,H Brunier Telegramme Pape,49.99,750mL,750,2,31.03,4425,MARTIGNETTI COMPANIES
20308,Louis Jadot Santenay Blnc l1,32.99,750mL,750,2,21.85,4692,KOBRAND CORPORATION        
41318,R Perrin Chtnf du Pape,36.99,750mL,750,2,24.34,90011,FORTUNE WINE BROKERS LLC   
14130,14 Hands Hot to Trot White,9.99,750mL,750,2,5.8,8673,STE MICHELLE WINE ESTATES  
33215,Sycamore Lane Wh Znfdl Cal,5.29,750mL,750,2,3.62,8892,TRINCHERO FAMILY ESTATES   
5653,Kahlua Cinnamon Spice,17.99,750mL,750,1,14.05,17035,PERNOD RICARD USA          
8128,Espolon Anejo Tequila,34.99,750mL,750,1,21.73,11567,CAMPARI AMERICA            
31384,Benton Lane Pnt Nr Ore,26.99,750mL,750,2,17.44,4425,MARTIGNETTI COMPANIES 
19158,Dom de La Petite Cassagne,13.99,750mL,750,2,6.45,90024,VINILANDIA USA             
2678,Michter's Straight Rye,44.99,750mL,750,1,31.99,4425,MARTIGNETTI COMPANIES
39834,Kenwood Cab Svgn Sonoma,8.99,375mL,375,2,6.03,17035,PERNOD RICARD USA          
3226,Ciroc Mango Vodka,11.99,375mL,375,1,8.63,3960,DIAGEO NORTH AMERICA INC   
44362,Cusumano Nero D'Avola Sicily,10.99,750mL,750,2,6.66,9165,ULTRA BEVERAGE COMPANY LLP 
17671,Revelation Chard Pays D'Oc,6.79,750mL,750,2,4.44,5612,MILTONS DISTRIBUTING CO    
19748,Clos du Bois Chard,13.99,1500mL,1500,2,9.2,1392,CONSTELLATION BRANDS INC   
40604,Hewitt Vyd Cab Svgn Rutherfd,103.99,750mL,750,2,69.33,1590,DIAGEO CHATEAU ESTATE WINES
4243,Bacardi Superior Rum,19.99,1750mL,1750,1,14.49,480,BACARDI USA INC            
2692,Glenmorangie 10 Yr Scotch,41.99,750mL,750,1,26.31,8112,MOET HENNESSY USA INC      
3120,Absolut Cilantro,17.99,750mL,750,1,10.94,17035,PERNOD RICARD USA          
24438,Quara Malbec,11.99,750mL,750,2,8.1,653,STATE WINE & SPIRITS   
15266,The Naked Grape Chard,6.99,750mL,750,2,4.54,3252,E & J GALLO WINERY         
4783,Mr Boston Apricot Brandy,11.99,1750mL,1750,1,8.88,660,SAZERAC NORTH AMERICA INC. 
26383,Buehler Chard RRV,15.99,750mL,750,2,7.89,4425,MARTIGNETTI COMPANIES
18478,Januik Cab Svgn Red Mtn,17.49,750mL,750,2,11.28,9165,ULTRA BEVERAGE COMPANY LLP 
17325,The Calling Dutton Chard RRV,19.99,750mL,750,2,13.69,4425,MARTIGNETTI COMPANIES
21981,Massolino Barolo Serralunga,39.99,750mL,750,2,25.97,1587,VINEYARD BRANDS INC        
25597,Kettmeir Pnt Grigio Alto Adi,19.99,750mL,750,2,13.79,4425,MARTIGNETTI COMPANIES
5872,Godiva Chocolate Liqueur,2.99,50mL,50,1,2.32,3960,DIAGEO NORTH AMERICA INC   
44269,Codorniu Original Spklg Cava,10.99,750mL,750,2,6.45,9165,ULTRA BEVERAGE COMPANY LLP 
42672,Orogeny Pnt Nr Sonoma,37.99,750mL,750,2,25.67,1590,DIAGEO CHATEAU ESTATE WINES
9439,Cointreau VAP,28.99,750mL,750,1,21.47,7239,REMY COINTREAU USA INC     
2263,Prichards Tennesse Whiskey,39.99,750mL,750,1,20.28,9165,ULTRA BEVERAGE COMPANY LLP 
27157,Ch Graves Rabion St Emilion,14.99,750mL,750,2,9.99,10754,PERFECTA WINES             
23426,Mt Brave Malbec Mt Veeder,69.99,750mL,750,2,45.75,9552,M S WALKER INC             
1889,El Toro Gold Tequila,6.99,1000mL,1000,1,5.5,660,SAZERAC NORTH AMERICA INC. 
14195,Twomey Svgn Bl Napa,23.99,750mL,750,2,15.89,4425,MARTIGNETTI COMPANIES
37913,Pouilly Fume Minet Vls Vgns,19.99,750mL,750,2,13.15,4425,MARTIGNETTI COMPANIES
2256,Tamdhu Batch Speyside Whisky,99.99,750mL,750,1,72.46,9552,M S WALKER INC             
4605,Camus Elegance XO,129.99,750mL,750,1,99.23,6213,MHW LTD                    
20250,Alma Negra Gran Almanegra,49.99,750mL,750,2,34.48,9552,M S WALKER INC             
24040,Merieau 12 Les Hex PN VdP,12.99,750mL,750,2,8.78,9552,M S WALKER INC             
7715,Andre Extra Dry,5.99,750mL,750,2,3.01,3252,E & J GALLO WINERY         
13948,Cade Cab Svgn Howell Mtn,74.99,750mL,750,2,50.67,4425,MARTIGNETTI COMPANIES
27694,Grieve Estate Merlot,76.99,750mL,750,2,50.65,4425,MARTIGNETTI COMPANIES
18988,Franzia Chillable Red Tap,14.99,5000mL,5000,2,8.9,9815,WINE GROUP INC             
11771,Palagetto Sottobosco Rosso,29.99,750mL,750,2,19.17,7153,PINE STATE TRADING CO      
22119,Don Simon Selecion Chard,4.99,750mL,750,2,3.24,4425,MARTIGNETTI COMPANIES
12506,Piazzo Barolo,36.99,750mL,750,2,25.51,7153,PINE STATE TRADING CO      
3384,Absolut Peppar Vodka,19.99,1000mL,1000,1,14.81,17035,PERNOD RICARD USA          
24594,Torresella Prosecco Xtra Dry,16.99,750mL,750,2,8.84,4425,MARTIGNETTI COMPANIES
19422,Latour Meursault AC Blanc 11,33.99,750mL,750,2,19.35,9552,M S WALKER INC             
22099,Serbal Rose,11.99,750mL,750,2,7.79,7153,PINE STATE TRADING CO      
38301,Neirano Pitul Moscato d'Asti,11.99,750mL,750,2,7.09,90047,CRUSH WINES                
25560,Piledriver Red Blend 13,8.49,750mL,750,2,5.86,9552,M S WALKER INC             
2382,Ophir London Dry Gin,29.99,750mL,750,1,19.22,7153,PINE STATE TRADING CO      
8096,Beefeater Gin,1.99,50mL,50,1,1.54,17035,PERNOD RICARD USA          
7320,Malibu Rum Punch RTD,16.99,1750mL,1750,1,13.17,17035,PERNOD RICARD USA          
23283,Ch Leoville Barton Julien 11,94.99,750mL,750,2,61.28,2000,SOUTHERN WINE & SPIRITS NE 
19372,Liberty Creek Pink Moscato,7.99,1500mL,1500,2,5.36,3252,E & J GALLO WINERY         
20062,Ch Angelus 10 Brdx,539.99,750mL,750,2,364.86,2000,SOUTHERN WINE & SPIRITS NE 
4399,Screech Honey Rum,12.99,750mL,750,1,10.15,9552,M S WALKER INC             
39717,Estancia Pnt Grigio Cal,9.99,750mL,750,2,4.9,1392,CONSTELLATION BRANDS INC   
16046,Entwine Chard,13.99,750mL,750,2,9.2,2000,SOUTHERN WINE & SPIRITS NE 
44922,Quinta do Crasto RSV Douro,36.99,750mL,750,2,22.81,90024,VINILANDIA USA             
27333,Night Harvest Cab Svgn,5.99,750mL,750,2,4.02,1392,CONSTELLATION BRANDS INC   
45993,Casa Liliana Good Merlot,10.99,750mL,750,2,6.49,90024,VINILANDIA USA             
39550,Aquinas Cab Svgn,19.99,750mL,750,2,8.6,9552,M S WALKER INC             
5736,Alize Gold Passion,19.99,750mL,750,1,14.7,4692,KOBRAND CORPORATION        
2143,Canadian Mist,12.99,1750mL,1750,1,10.07,1128,BROWN-FORMAN CORP          
23860,Concannon Founder Cab Svgn,10.99,750mL,750,2,7.09,9815,WINE GROUP INC             
37542,Frogs Leap Chard Napa,29.99,750mL,750,2,20.68,4425,MARTIGNETTI COMPANIES
22566,LaBelle Winery 2013 Dry Rsl,13.99,750mL,750,2,9.14,90032,LABELLE VYDS AND WINERY    
23280,Ch Clarence de Haut-Brion 11,149.99,750mL,750,2,102.73,2000,SOUTHERN WINE & SPIRITS NE 
25089,Jadot Saint Aubin 13,37.99,750mL,750,2,26.2,4692,KOBRAND CORPORATION        
41377,Torres Sangre de Toro Catal,9.99,750mL,750,2,5.88,8673,STE MICHELLE WINE ESTATES  
18844,Alberto Furque Malbec Mendoz,12.99,750mL,750,2,8.44,90024,VINILANDIA USA             
15333,Maso Canali Pnt Grigio Coll,11.99,750mL,750,2,7.94,3252,E & J GALLO WINERY         
3167,Cupcake Devils Food Vodka,6.99,750mL,750,1,5.3,9815,WINE GROUP INC             
2639,Bowmore Darkest Islay 15 Yr,70.99,750mL,750,1,52.37,12546,JIM BEAM BRANDS COMPANY    
24244,Ch Corconnac Svgn Bl,21.99,750mL,750,2,14.47,4425,MARTIGNETTI COMPANIES
22537,Jadot Corton Pougets 12,84.99,750mL,750,2,38.51,4692,KOBRAND CORPORATION        
40965,Wente Wetmore Cab Svgn,29.99,750mL,750,2,16.44,2000,SOUTHERN WINE & SPIRITS NE 
3347,Milagro Silver Tequila,39.99,1750mL,1750,1,28.56,3664,WILLIAM GRANT & SONS INC   
17159,Quattro Mani Montepulciano,13.99,750mL,750,2,9.39,10754,PERFECTA WINES             
21319,Wlm Hill Est No Cst Svgn Bl,12.99,750mL,750,2,8.55,3252,E & J GALLO WINERY         
1994,Laphroaig 30 Year,999.99,750mL,750,1,775.19,12546,JIM BEAM BRANDS COMPANY    
2301,Glen Moray 25 Yr Portwood,239.99,750mL,750,1,186.04,7153,PINE STATE TRADING CO      
7891,DeLeon Platinum Tequila,49.99,750mL,750,1,35.96,3960,DIAGEO NORTH AMERICA INC   
22829,Finca Coronado 04 Tierra Cas,14.99,750mL,750,2,8.64,9552,M S WALKER INC             
44972,Mitolo Jester McLaren Shiraz,18.99,750mL,750,2,10.32,4425,MARTIGNETTI COMPANIES
8202,Sambuca Romana,17.99,750mL,750,1,13.33,3960,DIAGEO NORTH AMERICA INC   
28890,Peter Vella Wh Znfdl Cal,14.99,5000mL,5000,2,9.99,3252,E & J GALLO WINERY         
999,Jameson 18 Year Old,114.99,750mL,750,1,89.84,17035,PERNOD RICARD USA          
27489,Ladoucette Comte Lafond Sanc,34.99,750mL,750,2,23.48,2000,SOUTHERN GLAZERS W&S OF NE 
889,DeKuyper Sour Apple Pucker,12.99,1000mL,1000,1,9.84,12546,JIM BEAM BRANDS COMPANY    
23121,Steele Stymie Merlot Lake Cy,31.99,750mL,750,2,15.23,9552,M S WALKER INC             
8107,Wild Turkey 101,36.99,1750mL,1750,1,26.71,11567,CAMPARI AMERICA            
6565,Clos du Bois Cab Svgn N Cst,10.99,750mL,750,2,5.99,1392,CONSTELLATION BRANDS INC   
15421,Bonny Doon Ca del Solo Dolce,19.99,750mL,750,2,13.42,7749,R.P.IMPORTS INC            
42640,The Monterey Vyds Chard,9.99,750mL,750,2,6.8,1590,DIAGEO CHATEAU ESTATE WINES
18105,Ballatore Rose Moscato,7.99,750mL,750,2,5.33,3252,E & J GALLO WINERY         
26568,Ninety+Cellars Lot 131 PN RV,17.99,750mL,750,2,11.99,4950,LATITUDE BEVERAGE COMPANY  
24924,Sea Smoke Sea Spray Blanc,79.99,750mL,750,2,53.68,90047,CRUSH WINES                
5219,Sambuca Romana Black,17.99,750mL,750,1,13.23,3960,DIAGEO NORTH AMERICA INC   
39063,C Shelton Monga Zin Znfdl,19.99,750mL,750,2,12.98,90047,CRUSH WINES                
23542,Vin Vault Pnt Nr,18.99,3000mL,3000,2,6.86,3252,E & J GALLO WINERY         
25576,Simmonet-Febvre Cremant de B,13.99,750mL,750,2,9.14,9552,M S WALKER INC             
814,Sammy's Beach Bar Rum,17.99,750mL,750,1,14.39,9552,M S WALKER INC             
23970,La Fiera Montplciano D'Abruz,8.49,750mL,750,2,5.74,90024,VINILANDIA USA             
19163,Terra Antiga Vinho Verde,7.99,750mL,750,2,2.9,9165,ULTRA BEVERAGE COMPANY LLP 
3452,Vanya Light Vodka,6.99,1750mL,1750,1,5.55,9552,M S WALKER INC             
23944,Ch du Courlat 10,24.99,750mL,750,2,17.23,7153,PINE STATE TRADING CO      
8190,Gran Centenario Rosangel,15.99,750mL,750,1,12.3,7245,PROXIMO SPIRITS INC.       
17209,The Divining Rod Cab Svgn,15.99,750mL,750,2,11.03,2000,SOUTHERN WINE & SPIRITS NE 
3930,Deep Eddy Vodka,15.99,750mL,750,1,12.11,3924,HEAVEN HILL DISTILLERIES   
4052,Goslings Family Rsv Rum,64.99,750mL,750,1,46.42,1485,CASTLE BRANDS CORP.        
3888,Paul Masson Peach Brandy,0.99,50mL,50,1,0.76,1392,CONSTELLATION BRANDS INC   
21169,Honoro Vera Organic Jumilla,8.49,750mL,750,2,5.59,9552,M S WALKER INC             
16210,Inman Family Pnt Nr RRV Sono,27.99,750mL,750,2,19.04,90024,VINILANDIA USA             
3063,Chambord Vodka,24.99,750mL,750,1,13.13,1128,BROWN-FORMAN CORP          
23323,Alter Ego de Palmer Mrgx 11,82.99,750mL,750,2,54.24,2000,SOUTHERN WINE & SPIRITS NE 
25769,R Mondavi Winery Cab Svgn Na,123.99,3000mL,3000,2,83.78,1392,CONSTELLATION BRANDS INC   
25076,Jadot Monthelie 13 Sous Roch,34.99,750mL,750,2,23.48,4692,KOBRAND CORPORATION        
35471,R M Woodbridge Pnt Grigio,7.99,750mL,750,2,3.35,1392,CONSTELLATION BRANDS INC   
6457,Fetzer Valley Oaks Cab Svgn,10.99,750mL,750,2,7.09,9165,ULTRA BEVERAGE COMPANY LLP 
15619,Beringer Classic Red Moscato,5.99,750mL,750,2,3.35,9819,TREASURY WINE ESTATES      
4423,Appleton Estate 50Yr Old Rum,4999.99,750mL,750,1,3649.63,11567,CAMPARI AMERICA            
42948,Root 1 Cab Svgn,9.99,750mL,750,2,6.84,7153,PINE STATE TRADING CO      
40096,Black Box Cab Svgn,16.99,3000mL,3000,2,10.52,1392,CONSTELLATION BRANDS INC   
5737,Blue Chair Bay CocSpc Cream,16.99,750mL,750,1,13.38,6213,MHW LTD                    
40667,Bolla Chianti,12.99,1500mL,1500,2,8.6,516,BANFI PRODUCTS CORP        
304,Ciroc Red Berry Vodka,33.99,1000mL,1000,1,24.45,3960,DIAGEO NORTH AMERICA INC   
10205,R Mondavi Pnt Nr Napa Vly,26.99,750mL,750,2,16.99,1392,CONSTELLATION BRANDS INC   
26851,Eric Kent Stiling Vyd Pnt Nr,49.99,750mL,750,2,33.11,4425,MARTIGNETTI COMPANIES
3492,Absolut Hibiskus,17.99,750mL,750,1,11.36,17035,PERNOD RICARD USA          
23854,Mazzocco Cab Svgn Sonoma,19.99,750mL,750,2,12.9,9165,ULTRA BEVERAGE COMPANY LLP 
26803,Gaston Chiquet Special Club,68.99,750mL,750,2,46.93,10754,PERFECTA WINES             
150,Smirnoff Strawberry Vodka,14.49,1000mL,1000,1,10.81,3960,DIAGEO NORTH AMERICA INC   
19584,Ciacci 07 Piccolomino Brunlo,59.99,750mL,750,2,40.26,9552,M S WALKER INC             
22006,Magnolia Court Chardonnay Ce,10.99,750mL,750,2,7.43,9165,ULTRA BEVERAGE COMPANY LLP 
1808,Ardbeg 21 Yr Single Malt,499.99,750mL,750,1,373.13,8112,MOET HENNESSY USA INC      
43247,Archetype Shiraz/Cab Barossa,12.99,750mL,750,2,8.72,1590,DIAGEO CHATEAU ESTATE WINES
33573,Morgan Winery Svgn Bl Mont S,15.99,750mL,750,2,9.93,10754,PERFECTA WINES             
23902,Dom St Andrieu Rose CdP,15.99,750mL,750,2,10.52,10754,PERFECTA WINES             
18553,Menage a Trois Pnt Nr,14.99,750mL,750,2,10.2,8892,TRINCHERO FAMILY ESTATES   
22247,Piccolo Fiore Rosso di Sicil,7.79,750mL,750,2,5.37,5612,MILTONS DISTRIBUTING CO    
18300,Vendange Sweet Pink Moscato,6.99,1500mL,1500,2,4.76,1392,CONSTELLATION BRANDS INC   
22905,Mercer Canyons Chard,10.99,750mL,750,2,4.65,9165,ULTRA BEVERAGE COMPANY LLP 
25840,Rocca Delle Macie Chianti C,26.99,750mL,750,2,18.49,6785,PALM BAY INTERNATIONAL INC 
592,The Glenlivet Archive 21 Yr,164.99,750mL,750,1,127.99,17035,PERNOD RICARD USA          
18102,Ruffino Greppone Mazzi Bru,54.99,750mL,750,2,34.48,1392,CONSTELLATION BRANDS INC   
1516,DiSaronno Versace Wrap VAP,23.99,750mL,750,1,14.59,2555,DISARONNO INTERNATIONAL LLC
35714,Miner Chard Napa,29.99,750mL,750,2,19.73,4425,MARTIGNETTI COMPANIES
17134,Ch Ste Michelle Indn Wls Red,15.99,750mL,750,2,9.8,8673,STE MICHELLE WINE ESTATES  
18639,Fetzer Crimson Red Blend,12.99,750mL,750,2,8.44,9165,ULTRA BEVERAGE COMPANY LLP 
25357,Bench Cab Svgn,21.99,750mL,750,2,15.17,90024,VINILANDIA USA             
19713,Anne Pichon Gris Montagne Ro,13.99,750mL,750,2,9.52,90011,FORTUNE WINE BROKERS LLC   
20594,Fritz Pnt Nr RRV,27.99,750mL,750,2,17.87,653,STATE WINE & SPIRITS   
22819,Rozes Infanta Isabel 10 Yr,24.99,750mL,750,2,15.86,1601,VRANKEN AMERICA            
25740,Oberon Chardonnay,21.99,750mL,750,2,12.41,9165,ULTRA BEVERAGE COMPANY LLP 
24975,Tenshen White,17.99,750mL,750,2,11.76,4425,MARTIGNETTI COMPANIES
23337,Ch Pichon Longevile 11 Comts,139.99,750mL,750,2,94.59,2000,SOUTHERN WINE & SPIRITS NE 
42886,Clos de Los Siete Mendoza,19.99,750mL,750,2,13.24,4425,MARTIGNETTI COMPANIES
29039,Aszu Royal Tokaji 5 Puttony,43.99,500mL,500,2,29.13,4425,MARTIGNETTI COMPANIES
20601,Pulenta Est Chard,18.99,750mL,750,2,12.92,4425,MARTIGNETTI COMPANIES
90090,Ch Lafite Rothschild 12,649.99,750mL,750,2,448.27,1703,ALISA CARR BEVERAGES           
23004,Valpolicella Clsco Ripasso,23.99,750mL,750,2,15.89,1650,Circa Wines                
24328,Ch Ducru Beaucaillou 12 St J,154.99,750mL,750,2,101.3,2000,SOUTHERN WINE & SPIRITS NE 
16458,Gerard Bertrand Corbieres Ro,14.99,750mL,750,2,8.55,9552,M S WALKER INC             
21860,Le Grande Courtage Brut,19.49,750mL,750,2,10.96,7153,PINE STATE TRADING CO      
20030,Trivento Rsv Cab Malbec,7.99,750mL,750,2,5.19,516,BANFI PRODUCTS CORP        
10931,Bridlewood Chard Monterey,11.99,750mL,750,2,8.27,3252,E & J GALLO WINERY         
24366,Mommessin Dom Presle Bjls Fl,19.99,750mL,750,2,13.07,10754,PERFECTA WINES             
2097,Ole Smoky Hunch Punch Lightn,15.99,750mL,750,1,12.11,6359,OLE SMOKY DISTILLERY LLC   
5342,Grand Marnier,28.99,750mL,750,1,19.85,8112,MOET HENNESSY USA INC      
15743,Bodegas Izadi Tempranillo Rd,17.99,750mL,750,2,10.38,9552,M S WALKER INC             
21586,Celani Family Chard,46.99,750mL,750,2,30.91,7153,PINE STATE TRADING CO      
7931,Tooters Blu-D Kamikazi 15 Pk,9.99,375mL,375,1,6.47,5270,MANGO BOTTLING INC         
15509,Mollydooker Maitre D Cab Svg,25.99,750mL,750,2,17.23,90047,CRUSH WINES                
24241,Tenet Syrah Le Fervent,17.99,750mL,750,2,11.61,8673,STE MICHELLE WINE ESTATES  
10319,Five Oaks Wh Znfdl Cal,3.79,750mL,750,2,2.45,3252,E & J GALLO WINERY         
21016,WindRacer Anderson Vly Chard,34.99,750mL,750,2,23.97,9552,M S WALKER INC             
18386,Sequin Delicately Rose,6.99,750mL,750,2,4.76,2242,DELICATO VINEYARDS INC     
41062,Martin Ray Cab Svgn Napa,17.99,750mL,750,2,11.91,9552,M S WALKER INC             
37798,Dr Frank Johannisberg Rsl,16.99,750mL,750,2,11.33,10754,PERFECTA WINES             
2840,Revel Stoke Roasted Pecan,10.99,750mL,750,1,7.36,9206,PHILLIPS PRODUCTS CO.      
26303,Brooks Pnt Nr Willamette,24.99,750mL,750,2,16.12,90024,VINILANDIA USA             
6126,Sogno di Sorrento Crema Lem,28.99,750mL,750,1,18.11,9165,ULTRA BEVERAGE COMPANY LLP 
3042,Ciroc Red Berry Vodka,11.99,375mL,375,1,8.63,3960,DIAGEO NORTH AMERICA INC   
26671,Catena Zapata 3pk 09-10-11 R,359.99,750mL 3 Pk,750,2,244.89,9552,M S WALKER INC             
24086,Hess Select Chard,12.99,750mL,750,2,7.14,4425,MARTIGNETTI COMPANIES
32338,Stags Leap Svgn Bl Napa,24.99,750mL,750,2,16.66,8673,STE MICHELLE WINE ESTATES  
20129,Melee Grenache,32.99,750mL,750,2,15.89,4425,MARTIGNETTI COMPANIES
5148,St Brendans Irish Cream,24.99,1750mL,1750,1,14.17,8352,LUXCO INC                  
21254,Renwood Timberline Znfdl,21.99,750mL,750,2,14.28,4425,MARTIGNETTI COMPANIES
21005,Haut Charmes Sauternes,16.99,375mL,375,2,11.33,9552,M S WALKER INC             
22963,Phillipine de St-Cyrille CdP,24.99,750mL,750,2,16.55,7153,PINE STATE TRADING CO      
3515,Skyy Infusions Citrus Vodka,19.99,1750mL,1750,1,15.5,11567,CAMPARI AMERICA            
5395,Kahlua Chili Chocolate,18.99,750mL,750,1,15.19,17035,PERNOD RICARD USA          
950,Mastersons 10 Yr Old Rye,79.99,750mL,750,1,58.82,653,STATE WINE & SPIRITS   
1276,Jack Daniels Single Barrel,4.99,50mL,50,1,3.87,1128,BROWN-FORMAN CORP          
25009,St Supery Dollarhide Cab Svg,79.99,750mL,750,2,52.62,4425,MARTIGNETTI COMPANIES
27494,F Coppola Derctor Jaws Chard,18.99,750mL,750,2,12.58,2000,SOUTHERN GLAZERS W&S OF NE 
27189,Jamieson R Double Lariat Cab,53.99,750mL,750,2,35.29,7153,PINE STATE TRADING CO      
5515,Grand Marnier Flask,9.79,200mL,200,1,7.65,8112,MOET HENNESSY USA INC      
14837,Vinum Cellars Petite Sirah,14.49,750mL,750,2,9.47,1650,Circa Wines                
1648,Port Dundas 12 Yr Scotch,49.99,750mL,750,1,39.36,3960,DIAGEO NORTH AMERICA INC   
19417,Latour 11 Merslt-Blgny P Cru,49.99,750mL,750,2,33.11,9552,M S WALKER INC             
46380,Ghost Pines Chard L Martini,16.99,750mL,750,2,9.03,3252,E & J GALLO WINERY         
15168,Durigutti Malbec Mendoza,14.99,750mL,750,2,9.73,10754,PERFECTA WINES             
3223,Ice Pik Vodka,15.99,1000mL,1000,1,11.93,8150,SEA HAGG DISTILLERY LLC    
36069,Ch Lagrange 10,105.99,750mL,750,2,51.0,10754,PERFECTA WINES             
781,DeKuyper Cranberry,12.99,1000mL,1000,1,10.39,12546,JIM BEAM BRANDS COMPANY    
18630,Viberti Langhe Dolba,13.99,750mL,750,2,2.97,9165,ULTRA BEVERAGE COMPANY LLP 
