InventoryId,Store,City,Brand,Description,Size,onHand,Price,startDate
67_EANVERNESS_15092,67,EANVERNESS,15092,Anne Amie Pnt Nr,750mL,26,27.99,2016-01-01
59_CLAETHORPES_8922,59,CLAETHORPES,8922,Taylor Lake Country Red,3L,7,7.99,2016-01-01
38_GOULCREST_23188,38,GOULCREST,23188,Jean Dauvissat Chablis St Pi,750mL,21,27.99,2016-01-01
68_SOLARIS_46380,68,SOLARIS,46380,Ghost Pines Chard L Martini,750mL,15,16.99,2016-01-01
42_BLACK HOLLOW_3859,42,BLACK HOLLOW,3859,Smirnoff 80 Proof,375mL,46,8.99,2016-01-01
65_LUTON_36380,65,LUTON,36380,Sebastiani Znfdl Sonoma Cnty,750mL,24,9.99,2016-01-01
8_ALNERWICK_3859,8,ALNERWICK,3859,Smirnoff 80 Proof,375mL,22,8.99,2016-01-01
3_HORNSEY_3961,3,HORNSEY,3961,Grey Goose La Poire Vodka,750mL,5,23.99,2016-01-01
13_TARMSWORTH_22757,13,TARMSWORTH,22757,Black Opal Cshmre Cab/Merlot,750mL,18,7.99,2016-01-01
34_PITMERDEN_21007,34,PITMERDEN,21007,Ch Vignot 05 St Emilion Red,750mL,5,71.99,2016-01-01
5_SUTTON_1278,5,SUTTON,1278,Jim Beam Black,1.75L,9,35.99,2016-01-01
41_LARNWICK_3294,41,LARNWICK,3294,Leaf Vodka Alaskian Glacial,750mL,6,16.99,2016-01-01
19_WINTERVALE_3335,19,WINTERVALE,3335,Tanqueray Sterling Vodka,750mL,3,10.99,2016-01-01
61_AETHELNEY_2794,61,AETHELNEY,2794,Bird Dog Bourbon,750mL,13,14.99,2016-01-01
54_GUTHRAM_3012,54,GUTHRAM,3012,Pinnacle Vodka,50mL,110,0.99,2016-01-01
1_HARDERSFIELD_4010,1,HARDERSFIELD,4010,Armorik Single Malt Whiskey,750mL,7,59.99,2016-01-01
69_MOUNTMEND_7261,69,MOUNTMEND,7261,Gallo X Dry Vermouth,750mL,23,5.49,2016-01-01
48_NORFOLK_3770,48,NORFOLK,3770,Miodula Honey Vodka,750mL,5,22.99,2016-01-01
59_CLAETHORPES_802,59,CLAETHORPES,802,Bacardi Torched Cherry Rum,750mL,10,9.99,2016-01-01
11_CARDEND_31915,11,CARDEND,31915,F Coppola Diamond Chard,750mL,18,12.99,2016-01-01
11_CARDEND_34133,11,CARDEND,34133,Turning Leaf RSV Cab Svgn,1.5L,45,9.99,2016-01-01
4_EANVERNESS_8696,4,EANVERNESS,8696,Gekkeikan Plum Wine,750mL,7,10.99,2016-01-01
78_EASTHAVEN_5847,78,EASTHAVEN,5847,Godiva Chocolate Liqueur,750mL,7,21.99,2016-01-01
21_BALERNO_8447,21,BALERNO,8447,Studebaker Old Fashioned RTD,750mL,12,21.99,2016-01-01
15_WANBORNE_6648,15,WANBORNE,6648,Marcus James Merlot,1.5L,8,7.99,2016-01-01
21_BALERNO_3834,21,BALERNO,3834,Skyy Vodka,750mL,23,15.99,2016-01-01
56_BEGGAR'S HOLE_46424,56,BEGGAR'S HOLE,46424,Hob Nob Pnt Nr VDP D'Oc,750mL,30,9.99,2016-01-01
73_DONCASTER_2672,73,DONCASTER,2672,Dewars White Label,50mL,31,2.29,2016-01-01
17_OLDHAM_11957,17,OLDHAM,11957,Souverain Cab Svgn N Cst,750mL,7,14.99,2016-01-01
3_HORNSEY_4300,3,HORNSEY,4300,BenRiach Barrel 94,750mL,1,179.99,2016-01-01
37_PAETHSMOUTH_5394,37,PAETHSMOUTH,5394,Goldschlager Cinnamon Schnap,375mL,11,10.99,2016-01-01
21_BALERNO_361,21,BALERNO,361,Effen Cucumber Vodka,750mL,5,19.99,2016-01-01
54_GUTHRAM_18304,54,GUTHRAM,18304,Satellite Svgn Blanc Marlbor,750mL,6,8.49,2016-01-01
67_EANVERNESS_14704,67,EANVERNESS,14704,Rex Goliath Free Range Red,750mL,28,5.99,2016-01-01
7_STANMORE_3235,7,STANMORE,3235,Absolut Berri Acai,750mL,14,17.99,2016-01-01
35_HALIVAARA_104,35,HALIVAARA,104,Mr Boston Wild Cherry Brandy,Liter,12,8.79,2016-01-01
70_KELD_5285,70,KELD,5285,Jacquin Triple Sec,750mL,11,7.99,2016-01-01
21_BALERNO_6950,21,BALERNO,6950,Solerno Blood Orange Liqueur,750mL,4,34.99,2016-01-01
36_LEWES_29212,36,LEWES,29212,R Mondavi Merlot Pvt Sel,750mL,20,7.99,2016-01-01
4_EANVERNESS_5828,4,EANVERNESS,5828,Ryans Irish Cream,750mL,21,8.99,2016-01-01
5_SUTTON_7982,5,SUTTON,7982,M & R Sweet Vermouth,750mL,10,7.49,2016-01-01
20_BREDWARDINE_41530,20,BREDWARDINE,41530,Septima Malbec Mendoza,750mL,15,9.99,2016-01-01
24_PALPERROTH_5170,24,PALPERROTH,5170,Dr McGillicuddy's Apple Pie,750mL,16,12.99,2016-01-01
14_BROMWICH_4349,14,BROMWICH,4349,Sauza Blue Silver,750mL,4,15.99,2016-01-01
25_CAERSHIRE_5403,25,CAERSHIRE,5403,Amaretto di Amore,750mL,12,9.99,2016-01-01
67_EANVERNESS_22865,67,EANVERNESS,22865,Vino Dious Welsch Rsl 13,750mL,6,11.99,2016-01-01
4_EANVERNESS_5218,4,EANVERNESS,5218,Chila Orchata Cinnamon Cream,750mL,30,13.99,2016-01-01
69_MOUNTMEND_36100,69,MOUNTMEND,36100,Carpineto Vino Nobile RSV d,750mL,22,29.99,2016-01-01
72_HARDERSFIELD_3510,72,HARDERSFIELD,3510,Smirnoff Light Lemon Sorbet,750mL,19,12.99,2016-01-01
59_CLAETHORPES_3969,59,CLAETHORPES,3969,Jose Cuervo Tradicional,750mL,3,19.99,2016-01-01
59_CLAETHORPES_2690,59,CLAETHORPES,2690,Black Velvet Reserve,750mL,9,9.99,2016-01-01
32_MOUNTMEND_38946,32,MOUNTMEND,38946,Bully Hill Sweet Walter Rd,750mL,18,8.99,2016-01-01
63_SWORDBREAK_4412,63,SWORDBREAK,4412,Pusser's British Navy Rum,750mL,4,17.99,2016-01-01
32_MOUNTMEND_5759,32,MOUNTMEND,5759,Malibu Tropical Banana Rum,750mL,42,12.99,2016-01-01
66_EANVERNESS_13663,66,EANVERNESS,13663,Duckhorn Decoy Znfdl Sonoma,750mL,113,16.95,2016-01-01
51_ABERDEEN_1623,51,ABERDEEN,1623,Bulleit 95 Rye,375mL,11,12.99,2016-01-01
42_BLACK HOLLOW_7345,42,BLACK HOLLOW,7345,M & R Asti,750mL,19,9.99,2016-01-01
33_HORNSEY_4580,33,HORNSEY,4580,Casamigos Reposado Tequila,375mL,9,29.99,2016-01-01
52_GRAYCOTT_2158,52,GRAYCOTT,2158,Sortilege Liqueur,375mL,4,19.99,2016-01-01
79_BALLYMENA_3758,79,BALLYMENA,3758,Margaritaville Gold Tequila,1.75L,11,22.99,2016-01-01
41_LARNWICK_2689,41,LARNWICK,2689,Black Velvet Reserve,1.75L,18,18.99,2016-01-01
76_DONCASTER_20406,76,DONCASTER,20406,Tenuta Santo Pietro Percept,750mL,22,21.99,2016-01-01
24_PALPERROTH_14701,24,PALPERROTH,14701,Cupcake Red Velvet,750mL,13,7.49,2016-01-01
57_LANTEGLOS_1748,57,LANTEGLOS,1748,William Grant Scotch,750mL,3,13.99,2016-01-01
49_GARIGILL_4029,49,GARIGILL,4029,Tall Ship Cedar Island Spice,750mL,8,27.99,2016-01-01
71_CLARCTON_33370,71,CLARCTON,33370,Whitehall Lane Cab Svgn Napa,750mL,7,34.99,2016-01-01
54_GUTHRAM_3808,54,GUTHRAM,3808,Three Olives Vodka,750mL,49,14.99,2016-01-01
24_PALPERROTH_1212,24,PALPERROTH,1212,DiSaronna Amaretto Sour VAP,750mL,1,19.99,2016-01-01
4_EANVERNESS_33707,4,EANVERNESS,33707,Canaletto Pnt Grigio Venezie,750mL,6,9.99,2016-01-01
1_HARDERSFIELD_1031,1,HARDERSFIELD,1031,Avion Tasting Flight 3/375mL,375mL 3 Pk,5,49.99,2016-01-01
40_BULLMAR_2591,40,BULLMAR,2591,Cardhu Scotch,750mL,3,39.99,2016-01-01
47_PELLA'S WISH_42881,47,PELLA'S WISH,42881,La Bastarda Pnt Gr Sicily,750mL,36,8.99,2016-01-01
10_HORNSEY_4424,10,HORNSEY,4424,Barbarossa Spiced Rum,1.75L,3,10.99,2016-01-01
14_BROMWICH_284,14,BROMWICH,284,Milagro Tequila Anejo SBR,750mL,1,77.99,2016-01-01
22_SHARNWICK_2226,22,SHARNWICK,2226,Jim Beam Devils Cut,1.75L,5,36.99,2016-01-01
14_BROMWICH_5767,14,BROMWICH,5767,Jose Cuervo Strawberry Marg,1.75L,15,15.99,2016-01-01
19_WINTERVALE_5457,19,WINTERVALE,5457,After Shock Hot & Cool Cinmn,50mL,16,1.99,2016-01-01
2_ASHBORNE_3731,2,ASHBORNE,3731,Absolut Apeach,750mL,4,17.99,2016-01-01
56_BEGGAR'S HOLE_3511,56,BEGGAR'S HOLE,3511,New Amsterdam Vodka,750mL,18,9.99,2016-01-01
30_CULCHETH_42765,30,CULCHETH,42765,14 Hands Chard Wash,750mL,15,8.95,2016-01-01
73_DONCASTER_20023,73,DONCASTER,20023,Inglenook Cask Cab Svgn,750mL,4,74.99,2016-01-01
14_BROMWICH_3893,14,BROMWICH,3893,Zhenka 80 Proof,1.75L,102,9.99,2016-01-01
42_BLACK HOLLOW_4438,42,BLACK HOLLOW,4438,Cruzan Black Cherry Rum,750mL,6,9.99,2016-01-01
6_GOULCREST_6329,6,GOULCREST,6329,R M Woodbridge Wh Znfdl Cal,1.5L,8,9.99,2016-01-01
4_EANVERNESS_1346,4,EANVERNESS,1346,Knob Creek Bourbon,750mL,30,29.99,2016-01-01
31_HORNSEY_28579,31,HORNSEY,28579,R M Woodbridge Merlot Cal,750mL,18,7.99,2016-01-01
6_GOULCREST_45460,6,GOULCREST,45460,New Harbor Svgn Bl Marlboro,750mL,12,12.99,2016-01-01
49_GARIGILL_2512,49,GARIGILL,2512,The Macallan 12 Yr Old,375mL,0,34.99,2016-01-01
21_BALERNO_2570,21,BALERNO,2570,Johnnie Walker Gold Rsv,750mL,2,79.99,2016-01-01
54_GUTHRAM_2678,54,GUTHRAM,2678,Michter's Straight Rye,750mL,5,40.99,2016-01-01
42_BLACK HOLLOW_192,42,BLACK HOLLOW,192,Milagro Anejo Tequila,750mL,8,35.99,2016-01-01
6_GOULCREST_41251,6,GOULCREST,41251,Beringer Classic Pnt Grigio,750mL,26,5.99,2016-01-01
33_HORNSEY_6553,33,HORNSEY,6553,Harveys Bristol Cream Sherry,750mL,5,11.99,2016-01-01
71_CLARCTON_32675,71,CLARCTON,32675,Blackstone Cab Svgn Cal,750mL,32,7.99,2016-01-01
28_LARNWICK_6650,28,LARNWICK,6650,Simi Chard,750mL,20,14.99,2016-01-01
68_SOLARIS_13696,68,SOLARIS,13696,Barefoot Cellars Pnt Nr,187mL 4 Pk,6,6.49,2016-01-01
55_DRY GULCH_15900,55,DRY GULCH,15900,Ch St Jean Svgn Bl Sonoma,750mL,13,10.99,2016-01-01
20_BREDWARDINE_31909,20,BREDWARDINE,31909,Catena Lunlunta Malbec Argn,750mL,10,19.99,2016-01-01
15_WANBORNE_4798,15,WANBORNE,4798,Sambuca Romana Liqueur,50mL,49,1.99,2016-01-01
13_TARMSWORTH_2499,13,TARMSWORTH,2499,Crown Royal Black,750mL,12,27.99,2016-01-01
21_BALERNO_8178,21,BALERNO,8178,Bulleit Bourbon,750mL,73,27.99,2016-01-01
33_HORNSEY_33582,33,HORNSEY,33582,Villa Cornaro Prosecco Del,750mL,100,9.99,2016-01-01
51_ABERDEEN_3123,51,ABERDEEN,3123,Booths London Dry Gin,1.75L,12,14.99,2016-01-01
30_CULCHETH_39256,30,CULCHETH,39256,Schmitt Sohne Relax Mosel,750mL,12,10.99,2016-01-01
66_EANVERNESS_21814,66,EANVERNESS,21814,Hartford OV Znfdl RRV,750mL,16,31.99,2016-01-01
32_MOUNTMEND_4751,32,MOUNTMEND,4751,Capt Morgan Cannon Blast,50mL,0,0.99,2016-01-01
18_FURNESS_12213,18,FURNESS,12213,Evodia Garnacha Old Vine,750mL,11,8.99,2016-01-01
69_MOUNTMEND_6688,69,MOUNTMEND,6688,Ch St Jean Chard California,750mL,40,9.99,2016-01-01
4_EANVERNESS_8409,4,EANVERNESS,8409,Christian Bros Cream Sherry,1.5L,6,8.29,2016-01-01
4_EANVERNESS_109,4,EANVERNESS,109,Mr Boston Blue Curacao,Liter,8,6.49,2016-01-01
50_MOUNTMEND_24593,50,MOUNTMEND,24593,Bodegas La Cartuja Priorat,750mL,12,15.99,2016-01-01
6_GOULCREST_8823,6,GOULCREST,8823,Leroux Apricot Brandy,750mL,7,7.99,2016-01-01
55_DRY GULCH_10357,55,DRY GULCH,10357,Gnarly Head Chard Cal,750mL,29,7.99,2016-01-01
55_DRY GULCH_22648,55,DRY GULCH,22648,San Felice Il Grigio Gr Sel,750mL,12,37.99,2016-01-01
36_LEWES_1232,36,LEWES,1232,Jack Daniels No 7 Black,750mL,67,26.99,2016-01-01
50_MOUNTMEND_8023,50,MOUNTMEND,8023,DeKuyper Triple Sec,750mL,108,4.49,2016-01-01
27_MOUNTMEND_18593,27,MOUNTMEND,18593,Barefoot Bubbly Red Moscato,750mL,5,9.99,2016-01-01
71_CLARCTON_806,71,CLARCTON,806,DeKuyper Peachtree Schnapps,Liter,9,12.99,2016-01-01
27_MOUNTMEND_1725,27,MOUNTMEND,1725,Ole Smoky White Lightnin',750mL,6,18.99,2016-01-01
55_DRY GULCH_21627,55,DRY GULCH,21627,Ferrari Carano Pnt Grigio,750mL,10,15.99,2016-01-01
61_AETHELNEY_17041,61,AETHELNEY,17041,Sutter Home Pink Moscato,1.5L,15,9.99,2016-01-01
56_BEGGAR'S HOLE_2115,56,BEGGAR'S HOLE,2115,Black Velvet,750mL,1,7.99,2016-01-01
15_WANBORNE_39146,15,WANBORNE,39146,Matua Svgn Bl Marlboro,750mL,10,10.99,2016-01-01
51_ABERDEEN_2237,51,ABERDEEN,2237,Edradour 10 Yr Single Malt,750mL,3,56.99,2016-01-01
22_SHARNWICK_27644,22,SHARNWICK,27644,Cline Znfdl Cal,750mL,9,9.99,2016-01-01
70_KELD_1388,70,KELD,1388,Red Stag by Jim Beam,1.75L,6,24.99,2016-01-01
37_PAETHSMOUTH_19934,37,PAETHSMOUTH,19934,Perrin Cotes du Rhone RSV Rg,750mL,11,10.99,2016-01-01
46_TYWARDREATH_24829,46,TYWARDREATH,24829,Cecchi Chianti Classico,750mL,47,11.99,2016-01-01
67_EANVERNESS_21280,67,EANVERNESS,21280,Rodney Strong Bros Ridge Cab,750mL,3,72.99,2016-01-01
74_PAENTMARWY_6495,74,PAENTMARWY,6495,Exotico Blanco Tequila,750mL,11,13.99,2016-01-01
12_LEESIDE_8298,12,LEESIDE,8298,Skinnygirl Grapefruit Marg,750mL,12,10.99,2016-01-01
22_SHARNWICK_38772,22,SHARNWICK,38772,Rob Stuart Big Fire Pnt Nr,750mL,14,16.99,2016-01-01
54_GUTHRAM_2433,54,GUTHRAM,2433,Crown Royal X R Extra Rare,750mL,2,131.99,2016-01-01
31_HORNSEY_8978,31,HORNSEY,8978,Riunite Lambrusco,3L,3,16.99,2016-01-01
27_MOUNTMEND_5381,27,MOUNTMEND,5381,E&J Peach Brandy,50mL,79,0.99,2016-01-01
11_CARDEND_15428,11,CARDEND,15428,Ruffino Prosecco Sparkling,750mL,28,11.99,2016-01-01
31_HORNSEY_8057,31,HORNSEY,8057,Corazon de Agave Blanco,750mL,7,24.99,2016-01-01
73_DONCASTER_23943,73,DONCASTER,23943,Canella Bellini Fusion,250mL,41,5.99,2016-01-01
42_BLACK HOLLOW_19870,42,BLACK HOLLOW,19870,Yellow Tail Sangria,1.5L,22,8.95,2016-01-01
12_LEESIDE_25808,12,LEESIDE,25808,Edna Valley Chard,750mL,16,11.99,2016-01-01
69_MOUNTMEND_3481,69,MOUNTMEND,3481,Citadelle Gin,750mL,6,21.99,2016-01-01
14_BROMWICH_2839,14,BROMWICH,2839,Ardmore Legacy Single Malt,750mL,7,36.99,2016-01-01
67_EANVERNESS_41062,67,EANVERNESS,41062,Martin Ray Cab Svgn Napa,750mL,15,17.99,2016-01-01
14_BROMWICH_5597,14,BROMWICH,5597,DeKuyper Watermelon Pucker,750mL,12,9.99,2016-01-01
60_IRRAGIN_6861,60,IRRAGIN,6861,Sutter Home Clsc Wh Znfdl,187mL 4 Pk,19,5.99,2016-01-01
73_DONCASTER_4817,73,DONCASTER,4817,Skyy Infusions TX Grapefruit,750mL,28,12.99,2016-01-01
72_HARDERSFIELD_27460,72,HARDERSFIELD,27460,Ecco Domani Merlot Venezie,750mL,16,9.99,2016-01-01
49_GARIGILL_5101,49,GARIGILL,5101,Dr McGillicuddy's Mentholmnt,750mL,70,12.99,2016-01-01
8_ALNERWICK_3877,8,ALNERWICK,3877,Smirnoff Green Apple Vodka,750mL,0,12.99,2016-01-01
47_PELLA'S WISH_3472,47,PELLA'S WISH,3472,Cazadores Blanco Tequila,750mL,12,14.99,2016-01-01
54_GUTHRAM_9136,54,GUTHRAM,9136,Caffo Amaretto Liqueur,750mL,7,16.99,2016-01-01
34_PITMERDEN_8323,34,PITMERDEN,8323,Jose Cuervo Gold w/Marg Mix,750mL,59,14.99,2016-01-01
1_HARDERSFIELD_4299,1,HARDERSFIELD,4299,Capt Morgan White Grapefruit,750mL,23,12.99,2016-01-01
74_PAENTMARWY_4899,74,PAENTMARWY,4899,Clement Mahina Coco Liqueur,750mL,4,19.99,2016-01-01
41_LARNWICK_35412,41,LARNWICK,35412,Yellow Tail Chard Ausl,1.5L,63,8.95,2016-01-01
43_WOLFORD_2675,43,WOLFORD,2675,Crown Royal XO,750mL,8,44.99,2016-01-01
47_PELLA'S WISH_38178,47,PELLA'S WISH,38178,Rex Goliath Cab Svgn,750mL,9,5.99,2016-01-01
34_PITMERDEN_1323,34,PITMERDEN,1323,Early Times,1.75L,15,17.99,2016-01-01
76_DONCASTER_4683,76,DONCASTER,4683,Hennessy VS Cognac,50mL,85,3.79,2016-01-01
73_DONCASTER_3230,73,DONCASTER,3230,Svedka Grapefruit Jalapeno,750mL,16,9.49,2016-01-01
43_WOLFORD_3667,43,WOLFORD,3667,Boru Original Irish Vodka,1.75L,14,17.99,2016-01-01
68_SOLARIS_13695,68,SOLARIS,13695,Red Rock Winery Malbec,750mL,17,8.99,2016-01-01
27_MOUNTMEND_5394,27,MOUNTMEND,5394,Goldschlager Cinnamon Schnap,375mL,13,10.99,2016-01-01
44_PORTHCRAWL_7537,44,PORTHCRAWL,7537,Avion Silver Tequila,1.75L,3,89.99,2016-01-01
10_HORNSEY_3072,10,HORNSEY,3072,Ciroc Peach Vodka,750mL,20,24.99,2016-01-01
65_LUTON_6824,65,LUTON,6824,Kendall Jackson Pnt Nr Vtnr,750mL,4,14.99,2016-01-01
51_ABERDEEN_3204,51,ABERDEEN,3204,Twenty 2 Vodka,750mL,11,21.99,2016-01-01
48_NORFOLK_23423,48,NORFOLK,23423,Santa Rita RSV Chard,750mL,9,9.99,2016-01-01
51_ABERDEEN_6535,51,ABERDEEN,6535,Sandeman Tawny Port,750mL,19,11.99,2016-01-01
32_MOUNTMEND_4249,32,MOUNTMEND,4249,Capt Morgan White Coconut,750mL,14,12.99,2016-01-01
8_ALNERWICK_2041,8,ALNERWICK,2041,Redbreast 15 Yr Old Irish,750mL,4,89.99,2016-01-01
53_HILLFAR_5381,53,HILLFAR,5381,E&J Peach Brandy,50mL,93,0.99,2016-01-01
7_STANMORE_46621,7,STANMORE,46621,Erath Pnt Nr Estate OR,750mL,3,23.99,2016-01-01
6_GOULCREST_10606,6,GOULCREST,10606,Parducci Cab Svgn,750mL,11,13.99,2016-01-01
77_TAMWORTH_24327,77,TAMWORTH,24327,La Crema Pnt Nr Sonoma Cst,750mL,21,19.99,2016-01-01
22_SHARNWICK_44038,22,SHARNWICK,44038,Barefoot Pnt Grigio Cal,1.5L,21,10.99,2016-01-01
70_KELD_26428,70,KELD,26428,Latour Macon Village Chamery,750mL,15,15.99,2016-01-01
35_HALIVAARA_15527,35,HALIVAARA,15527,Roscato Rosso,750mL,20,9.99,2016-01-01
56_BEGGAR'S HOLE_22079,56,BEGGAR'S HOLE,22079,C Y Toro Casa Diblo Cab Svgn,750mL,19,9.99,2016-01-01
32_MOUNTMEND_41034,32,MOUNTMEND,41034,Menage a Trois Red,750mL,67,7.95,2016-01-01
58_HARTLEPOOL_5221,58,HARTLEPOOL,5221,RumChata Liqueur,375mL,3,10.99,2016-01-01
67_EANVERNESS_44972,67,EANVERNESS,44972,Mitolo Jester McLaren Shiraz,750mL,17,15.99,2016-01-01
41_LARNWICK_27801,41,LARNWICK,27801,Moet & Chandon Nectar Imper,750mL,6,45.99,2016-01-01
68_SOLARIS_18107,68,SOLARIS,18107,Barefoot Cellars Pink Moscat,750mL,2,4.99,2016-01-01
38_GOULCREST_42765,38,GOULCREST,42765,14 Hands Chard Wash,750mL,25,8.95,2016-01-01
51_ABERDEEN_8202,51,ABERDEEN,8202,Sambuca Romana,750mL,27,17.99,2016-01-01
61_AETHELNEY_2549,61,AETHELNEY,2549,WhistlePig 10 Yr Rye,375mL,9,40.99,2016-01-01
41_LARNWICK_3218,41,LARNWICK,3218,Firefly Sweet Tea Vodka,750mL,13,12.99,2016-01-01
46_TYWARDREATH_7715,46,TYWARDREATH,7715,Andre Extra Dry,750mL,24,4.49,2016-01-01
30_CULCHETH_6385,30,CULCHETH,6385,Fetzer Sundial Chard,1.5L,5,12.99,2016-01-01
73_DONCASTER_41213,73,DONCASTER,41213,A to Z Pnt Nr Ore,750mL,32,17.99,2016-01-01
48_NORFOLK_14008,48,NORFOLK,14008,Cigar Box Malbec Mendoza,750mL,17,11.99,2016-01-01
67_EANVERNESS_2949,67,EANVERNESS,2949,Lock Stock & Barrel Rye,750mL,5,94.99,2016-01-01
15_WANBORNE_22928,15,WANBORNE,22928,Desert Wind Ruah Red,750mL,10,19.99,2016-01-01
23_ARBINGTON_6429,23,ARBINGTON,6429,C Y Toro Frontera Svgn Bl,1.5L,12,10.99,2016-01-01
18_FURNESS_23423,18,FURNESS,23423,Santa Rita RSV Chard,750mL,14,9.99,2016-01-01
38_GOULCREST_8066,38,GOULCREST,8066,DeKuyper Triple Sec,1.75L,16,9.99,2016-01-01
39_EASTHALLOW_16695,39,EASTHALLOW,16695,Ch Hyot Brdx Castillon,750mL,23,15.99,2016-01-01
28_LARNWICK_3706,28,LARNWICK,3706,Pinnacle Citrus Vodka,1.75L,21,16.99,2016-01-01
72_HARDERSFIELD_6288,72,HARDERSFIELD,6288,Almaden Chablis B/B,5L,9,14.99,2016-01-01
10_HORNSEY_2656,10,HORNSEY,2656,Cutty Sark,1.75L,18,24.99,2016-01-01
57_LANTEGLOS_5587,57,LANTEGLOS,5587,Jose Cuervo Golden Margarita,1.75L,18,19.99,2016-01-01
2_ASHBORNE_8628,2,ASHBORNE,8628,Jadot Macon Villages Blanc,750mL,24,8.99,2016-01-01
17_OLDHAM_2443,17,OLDHAM,2443,Seagrams VO,1.75L,42,20.99,2016-01-01
77_TAMWORTH_5415,77,TAMWORTH,5415,Amaretto di Amore,1.75L,12,13.99,2016-01-01
73_DONCASTER_24696,73,DONCASTER,24696,Black Stallion 10 Trans Cab,750mL,2,119.99,2016-01-01
58_HARTLEPOOL_13708,58,HARTLEPOOL,13708,Bota Box Cab Svgn,3L,3,17.99,2016-01-01
62_KILMARNOCK_8523,62,KILMARNOCK,8523,Glen Ellen Chard RSV,750mL,11,4.99,2016-01-01
5_SUTTON_1348,5,SUTTON,1348,Knob Creek Bourbon,375mL,7,15.99,2016-01-01
22_SHARNWICK_1737,22,SHARNWICK,1737,Makers Mark,1.75L,8,48.99,2016-01-01
30_CULCHETH_3503,30,CULCHETH,3503,Smirnoff Sorbet Rasp/Pomegra,750mL,12,12.99,2016-01-01
10_HORNSEY_8897,10,HORNSEY,8897,Moet & Chandon Brut Imprl Ro,750mL,27,49.99,2016-01-01
34_PITMERDEN_39631,34,PITMERDEN,39631,Red Truck Cal,750mL,8,7.99,2016-01-01
74_PAENTMARWY_8144,74,PAENTMARWY,8144,Corralejo Reposado Tequila,750mL,3,29.99,2016-01-01
69_MOUNTMEND_25512,69,MOUNTMEND,25512,Sbragia Cab Svgn Monte Rosse,750mL,6,45.99,2016-01-01
61_AETHELNEY_20218,61,AETHELNEY,20218,Chocolate Cuvee,750mL,22,12.99,2016-01-01
23_ARBINGTON_43924,23,ARBINGTON,43924,Farnum Hill Kingston Blk RSV,750mL,0,15.49,2016-01-01
49_GARIGILL_19126,49,GARIGILL,19126,Delas Cotes du Rhone,750mL,19,12.99,2016-01-01
66_EANVERNESS_5734,66,EANVERNESS,5734,Malibu Rum,1.75L,200,21.99,2016-01-01
18_FURNESS_6980,18,FURNESS,6980,Midnight Moon Blueberry,750mL,7,19.99,2016-01-01
21_BALERNO_25832,21,BALERNO,25832,Dry Creek Fume Bl Sonoma,750mL,10,11.99,2016-01-01
71_CLARCTON_2435,71,CLARCTON,2435,Crown Royal RSV,750mL,6,40.99,2016-01-01
77_TAMWORTH_376,77,TAMWORTH,376,Aperol Liqueur,750mL,3,28.99,2016-01-01
69_MOUNTMEND_2555,69,MOUNTMEND,2555,The GlenDronach Cask Strngth,750mL,4,89.99,2016-01-01
32_MOUNTMEND_3970,32,MOUNTMEND,3970,El Toro Gold,750mL,13,9.29,2016-01-01
60_IRRAGIN_2797,60,IRRAGIN,2797,Wicked 87 Whiskey,50mL,4,0.99,2016-01-01
39_EASTHALLOW_6960,39,EASTHALLOW,6960,Cooks Brut,750mL,37,6.99,2016-01-01
76_DONCASTER_2123,76,DONCASTER,2123,Angels Envy Rye,750mL,3,79.99,2016-01-01
38_GOULCREST_2026,38,GOULCREST,2026,Camarena Silver Tequila,750mL,15,18.99,2016-01-01
25_CAERSHIRE_4296,25,CAERSHIRE,4296,Ronrico Silver Rum,1.75L,20,11.99,2016-01-01
1_HARDERSFIELD_5148,1,HARDERSFIELD,5148,St Brendans Irish Cream,1.75L,0,17.99,2016-01-01
41_LARNWICK_2770,41,LARNWICK,2770,Hudson Single Malt Whiskey,375mL,8,39.99,2016-01-01
4_EANVERNESS_3139,4,EANVERNESS,3139,Grey Goose Le Melon,750mL,11,23.99,2016-01-01
77_TAMWORTH_17458,77,TAMWORTH,17458,Skinnygirl Rose Wine,750mL,9,8.99,2016-01-01
34_PITMERDEN_878,34,PITMERDEN,878,DeKuyper Green Creme de Ment,Liter,13,9.99,2016-01-01
6_GOULCREST_16329,6,GOULCREST,16329,Battle Axe Malbec Mendoza,750mL,10,14.99,2016-01-01
23_ARBINGTON_3628,23,ARBINGTON,3628,Montanya Platino Rum,750mL,1,21.99,2016-01-01
6_GOULCREST_36344,6,GOULCREST,36344,Latour Pinot Noir Valmoissin,750mL,11,14.99,2016-01-01
33_HORNSEY_44266,33,HORNSEY,44266,Mommys Time Out Garganega/P,750mL,12,8.99,2016-01-01
42_BLACK HOLLOW_2246,42,BLACK HOLLOW,2246,Speyburn Brandan Orach,750mL,5,18.99,2016-01-01
20_BREDWARDINE_40193,20,BREDWARDINE,40193,Mark West Chard Sonoma Cnty,750mL,31,8.99,2016-01-01
21_BALERNO_1770,21,BALERNO,1770,Jack Daniels Tennessee Fire,1.75L,47,36.99,2016-01-01
22_SHARNWICK_14383,22,SHARNWICK,14383,LaBelle Winery Granite Red,750mL,5,15.99,2016-01-01
39_EASTHALLOW_16159,39,EASTHALLOW,16159,Gnarly Head Authentic Red,750mL,11,9.99,2016-01-01
54_GUTHRAM_26787,54,GUTHRAM,26787,Moet & Chandon Imperial,187mL,22,10.99,2016-01-01
20_BREDWARDINE_8689,20,BREDWARDINE,8689,Paul Masson Rose,3L,7,9.99,2016-01-01
34_PITMERDEN_15168,34,PITMERDEN,15168,Durigutti Malbec Mendoza,750mL,13,14.99,2016-01-01
62_KILMARNOCK_7996,62,KILMARNOCK,7996,Stock Italian Sweet Vermouth,750mL,9,6.49,2016-01-01
73_DONCASTER_18267,73,DONCASTER,18267,Caprai Montefalco Passito 06,375mL,2,31.99,2016-01-01
55_DRY GULCH_29619,55,DRY GULCH,29619,Schmitt Sohne Auslese,750mL,29,15.99,2016-01-01
66_EANVERNESS_5698,66,EANVERNESS,5698,P & J Cold Soaked Pineapples,750mL,6,18.99,2016-01-01
20_BREDWARDINE_3510,20,BREDWARDINE,3510,Smirnoff Light Lemon Sorbet,750mL,2,12.99,2016-01-01
23_ARBINGTON_3910,23,ARBINGTON,3910,Hornitos Plata Tequila,375mL,24,12.99,2016-01-01
71_CLARCTON_17432,71,CLARCTON,17432,Predator Old Vine Znfdl Lodi,750mL,9,14.99,2016-01-01
40_BULLMAR_4664,40,BULLMAR,4664,Hennessy Black Cognac,750mL,4,34.99,2016-01-01
73_DONCASTER_2610,73,DONCASTER,2610,Glenmorangie Signet Sng Malt,750mL,4,189.99,2016-01-01
70_KELD_6694,70,KELD,6694,Lindemans Bin 65 Chard,750mL,10,7.99,2016-01-01
5_SUTTON_40559,5,SUTTON,40559,McManis Cab Svgn Cal,750mL,10,10.99,2016-01-01
46_TYWARDREATH_7891,46,TYWARDREATH,7891,DeLeon Platinum Tequila,750mL,4,54.99,2016-01-01
69_MOUNTMEND_46090,69,MOUNTMEND,46090,Dom du Salvard Cheverny Rg,750mL,15,7.99,2016-01-01
37_PAETHSMOUTH_3755,37,PAETHSMOUTH,3755,Russian Standard Original,750mL,5,15.99,2016-01-01
21_BALERNO_17146,21,BALERNO,17146,Honeymaker Dry Mead,750mL,2,13.99,2016-01-01
14_BROMWICH_4897,14,BROMWICH,4897,Remy Martin VSOP Cognac,50mL,48,4.49,2016-01-01
41_LARNWICK_28070,41,LARNWICK,28070,Sutter Home Moscato Cal,1.5L,8,9.99,2016-01-01
68_SOLARIS_20251,68,SOLARIS,20251,Round Pond Est Svgn Bl Napa,750mL,2,22.99,2016-01-01
71_CLARCTON_22019,71,CLARCTON,22019,Mumm Napa Brut Rose,750mL,32,14.99,2016-01-01
27_MOUNTMEND_5153,27,MOUNTMEND,5153,Fireball Cinn Whisky Trav,750mL,22,15.99,2016-01-01
12_LEESIDE_3626,12,LEESIDE,3626,Sauza Extra Gold Tequila,750mL,13,12.99,2016-01-01
69_MOUNTMEND_46826,69,MOUNTMEND,46826,LaBelle Winery Grnt St Apple,375mL,5,14.99,2016-01-01
32_MOUNTMEND_2543,32,MOUNTMEND,2543,Darnley's View Gin,750mL,8,23.99,2016-01-01
26_KNIFE'S EDGE_6876,26,KNIFE'S EDGE,6876,Sutter Home Clsc Chard,187mL 4 Pk,7,5.99,2016-01-01
66_EANVERNESS_21201,66,EANVERNESS,21201,Bota Box Pnt Nr,3L,0,17.99,2016-01-01
61_AETHELNEY_5655,61,AETHELNEY,5655,Jose Cuervo Lite Wh Peach,1.75L,19,15.99,2016-01-01
40_BULLMAR_4634,40,BULLMAR,4634,Gold Crown Wh Rum,1.75L,8,10.99,2016-01-01
73_DONCASTER_3593,73,DONCASTER,3593,Smirnoff Blue 100 Proof Trav,1.75L,22,26.99,2016-01-01
27_MOUNTMEND_5713,27,MOUNTMEND,5713,DeKuyper Sour Apple Pucker,1.75L,15,16.99,2016-01-01
42_BLACK HOLLOW_3760,42,BLACK HOLLOW,3760,Absolut Pears,750mL,14,17.99,2016-01-01
23_ARBINGTON_7279,23,ARBINGTON,7279,Yago Sant'Gria Red,1.5L,13,6.99,2016-01-01
9_BLACKPOOL_6213,9,BLACKPOOL,6213,Taylor Red Port,1.5L,9,7.99,2016-01-01
49_GARIGILL_16427,49,GARIGILL,16427,Yellow Tail Sweet Red Roo,1.5L,17,9.99,2016-01-01
21_BALERNO_8462,21,BALERNO,8462,Frangelico Hazelnut Liqueur,750mL,18,21.99,2016-01-01
19_WINTERVALE_5447,19,WINTERVALE,5447,Jagermeister Liqueur,375mL,5,9.99,2016-01-01
25_CAERSHIRE_33446,25,CAERSHIRE,33446,Takara Sake Sho Chiku Bai G,300mL,8,6.29,2016-01-01
19_WINTERVALE_485,19,WINTERVALE,485,Seagrams 7 Crown,Liter,8,12.99,2016-01-01
34_PITMERDEN_18950,34,PITMERDEN,18950,Schug Pnt Nr Carneros,750mL,63,17.99,2016-01-01
44_PORTHCRAWL_22230,44,PORTHCRAWL,22230,Glam Prosecco,750mL,9,15.99,2016-01-01
48_NORFOLK_1520,48,NORFOLK,1520,Pinnacle Vodka Cane 4/50mls,50mL 4 Pk,25,3.99,2016-01-01
9_BLACKPOOL_17202,9,BLACKPOOL,17202,Natura Malbec Ville de Rapel,750mL,3,11.99,2016-01-01
49_GARIGILL_5223,49,GARIGILL,5223,Paul Masson Red Berry Brandy,750mL,8,8.99,2016-01-01
51_ABERDEEN_43872,51,ABERDEEN,43872,Joseph Carr Cab Svgn Napa,750mL,2,19.99,2016-01-01
47_PELLA'S WISH_8838,47,PELLA'S WISH,8838,Ch Ste Michelle Cab Svgn Col,750mL,53,12.99,2016-01-01
12_LEESIDE_12181,12,LEESIDE,12181,Cakebread Chard,750mL,39,35.99,2016-01-01
3_HORNSEY_2152,3,HORNSEY,2152,New Amsterdam Gin,750mL,8,9.99,2016-01-01
8_ALNERWICK_12994,8,ALNERWICK,12994,Acrobat Pnt Gris Oregon,750mL,15,12.99,2016-01-01
10_HORNSEY_27512,10,HORNSEY,27512,Warre's Late Bottled Vintage,750mL,4,20.99,2016-01-01
41_LARNWICK_5505,41,LARNWICK,5505,Pallini Limoncello Liqueur,750mL,24,18.99,2016-01-01
69_MOUNTMEND_13505,69,MOUNTMEND,13505,C Y Toro Casillero Pnt Nr,750mL,11,11.99,2016-01-01
46_TYWARDREATH_1396,46,TYWARDREATH,1396,Old Crow,1.75L,8,15.99,2016-01-01
45_VERITAS_5142,45,VERITAS,5142,Carolans Irish Cream,1.75L,16,22.99,2016-01-01
14_BROMWICH_3172,14,BROMWICH,3172,Skyy Infusions Blood Orange,750mL,13,12.99,2016-01-01
43_WOLFORD_8473,43,WOLFORD,8473,1800 Silver Tequila,1.75L,6,41.99,2016-01-01
50_MOUNTMEND_1868,50,MOUNTMEND,1868,Lagavulin Single Malt 16-Yr,750mL,66,69.99,2016-01-01
44_PORTHCRAWL_33149,44,PORTHCRAWL,33149,Alamos Ridge Malbec Mendoza,750mL,14,8.99,2016-01-01
55_DRY GULCH_555,55,DRY GULCH,555,Art In The Age Sage,750mL,9,32.99,2016-01-01
69_MOUNTMEND_2534,69,MOUNTMEND,2534,The Dalmore 12Yr Single Malt,750mL,12,49.99,2016-01-01
73_DONCASTER_2965,73,DONCASTER,2965,Ardbeg 10 Yr Single Malt Sc,750mL,37,46.99,2016-01-01
73_DONCASTER_8875,73,DONCASTER,8875,Freixenet Cordon Negro Brut,1.5L,4,22.99,2016-01-01
34_PITMERDEN_22822,34,PITMERDEN,22822,Corvo Pnt Nr,750mL,13,11.99,2016-01-01
4_EANVERNESS_8898,4,EANVERNESS,8898,Yukon Jack,1.75L,4,25.99,2016-01-01
15_WANBORNE_33210,15,WANBORNE,33210,Sycamore Lane Cab Svgn Cal,1.5L,5,8.49,2016-01-01
67_EANVERNESS_5697,67,EANVERNESS,5697,Metcalfe's Maple Liqueur,750mL,0,19.99,2016-01-01
20_BREDWARDINE_4199,20,BREDWARDINE,4199,Sauza Blanco Tequila,1.75L,14,21.99,2016-01-01
78_EASTHAVEN_6552,78,EASTHAVEN,6552,Harveys Bristol Cream Sherry,1.5L,5,22.99,2016-01-01
20_BREDWARDINE_6584,20,BREDWARDINE,6584,Schmitt Sohne Spatlese Psprt,750mL,16,11.99,2016-01-01
20_BREDWARDINE_7266,20,BREDWARDINE,7266,Fonseca Bin No 27,750mL,12,13.99,2016-01-01
14_BROMWICH_5741,14,BROMWICH,5741,Merry Wh Chocolate Liqueur,750mL,14,14.99,2016-01-01
14_BROMWICH_4583,14,BROMWICH,4583,Perc Coffee Liqueur,750mL,2,22.99,2016-01-01
24_PALPERROTH_5219,24,PALPERROTH,5219,Sambuca Romana Black,750mL,13,19.99,2016-01-01
15_WANBORNE_19547,15,WANBORNE,19547,Ch Ste Michelle Chard Mimi,750mL,1,9.99,2016-01-01
75_BARNCOMBE_3396,75,BARNCOMBE,3396,Smirnoff Vanilla Vodka,1.75L,16,17.99,2016-01-01
19_WINTERVALE_6451,19,WINTERVALE,6451,Columbia Crest G E Cab Svgn,750mL,5,9.99,2016-01-01
41_LARNWICK_5107,41,LARNWICK,5107,St Remy XO Napoleon Brandy,750mL,17,13.99,2016-01-01
34_PITMERDEN_25934,34,PITMERDEN,25934,Gabbiano Chianti,750mL,34,7.99,2016-01-01
48_NORFOLK_3894,48,NORFOLK,3894,Zhenka Vodka 100 Proof,1.75L,25,11.99,2016-01-01
25_CAERSHIRE_6385,25,CAERSHIRE,6385,Fetzer Sundial Chard,1.5L,22,12.99,2016-01-01
77_TAMWORTH_5725,77,TAMWORTH,5725,DeKuyper Sour Apple Pucker,750mL,11,9.99,2016-01-01
56_BEGGAR'S HOLE_8442,56,BEGGAR'S HOLE,8442,1800 Silver Tequila,375mL,13,14.49,2016-01-01
54_GUTHRAM_13784,54,GUTHRAM,13784,Churchills 10 Yr Tawny Port,500mL,1,22.99,2016-01-01
74_PAENTMARWY_587,74,PAENTMARWY,587,Malibu Mango Rum,Liter,13,16.99,2016-01-01
55_DRY GULCH_450,55,DRY GULCH,450,Vincent Van Gogh Double Esp,750mL,4,24.99,2016-01-01
53_HILLFAR_33143,53,HILLFAR,33143,Our Daily Red,750mL,13,8.99,2016-01-01
54_GUTHRAM_25932,54,GUTHRAM,25932,Gabbiano Chianti Clsc,750mL,15,9.99,2016-01-01
72_HARDERSFIELD_34175,72,HARDERSFIELD,34175,Lindemans Bin 50 Shiraz,1.5L,20,9.99,2016-01-01
48_NORFOLK_45276,48,NORFOLK,45276,Smoking Loon Znfdl Cal,750mL,17,9.99,2016-01-01
50_MOUNTMEND_6351,50,MOUNTMEND,6351,Kendall Jackson Vntr RSV Cab,750mL,41,16.99,2016-01-01
19_WINTERVALE_2105,19,WINTERVALE,2105,Black Velvet Toasted Caramel,750mL,5,9.99,2016-01-01
25_CAERSHIRE_8189,25,CAERSHIRE,8189,Camarena Silver Tequila,1.75L,14,31.99,2016-01-01
68_SOLARIS_653,68,SOLARIS,653,Dom de Canton Ginger Liqueur,750mL,7,37.99,2016-01-01
38_GOULCREST_28775,38,GOULCREST,28775,C K Mondavi Merlot,1.5L,15,10.99,2016-01-01
64_CESTERFIELD_26395,64,CESTERFIELD,26395,Trapiche Cab Svgn Oak Cask,750mL,20,8.99,2016-01-01
79_BALLYMENA_2606,79,BALLYMENA,2606,Glenmorangie Original 18Yr,750mL,3,99.99,2016-01-01
63_SWORDBREAK_3405,63,SWORDBREAK,3405,Tito's Handmade Vodka,1.75L,49,29.99,2016-01-01
47_PELLA'S WISH_2967,47,PELLA'S WISH,2967,3lenfiddich Solera 15 Yr RSV,750mL,7,54.99,2016-01-01
2_ASHBORNE_8905,2,ASHBORNE,8905,Livingston Cellars Red Rose,3L,4,11.99,2016-01-01
65_LUTON_4313,65,LUTON,4313,Sauza Blue Silver Tequila,1.75L,6,26.99,2016-01-01
46_TYWARDREATH_33683,46,TYWARDREATH,33683,R Mondavi Private Slct Chard,1.5L,4,20.99,2016-01-01
70_KELD_17175,70,KELD,17175,Beringer Classic Cab Svgn,1.5L,16,7.99,2016-01-01
45_VERITAS_8910,45,VERITAS,8910,Finlandia Vodka,50mL,33,0.99,2016-01-01
62_KILMARNOCK_3871,62,KILMARNOCK,3871,Smirnoff Watermelon Vodka,750mL,21,12.99,2016-01-01
61_AETHELNEY_10723,61,AETHELNEY,10723,R M Woodbridge Chard,1.5L,32,8.99,2016-01-01
28_LARNWICK_5254,28,LARNWICK,5254,DeKuyper Buttershots Schnpps,750mL,14,10.99,2016-01-01
67_EANVERNESS_11141,67,EANVERNESS,11141,C K Mondavi Chard,1.5L,25,9.99,2016-01-01
69_MOUNTMEND_24458,69,MOUNTMEND,24458,Franciscan Magnificat Red,750mL,19,38.99,2016-01-01
6_GOULCREST_7254,6,GOULCREST,7254,Cribari Marsala,750mL,10,7.99,2016-01-01
27_MOUNTMEND_1174,27,MOUNTMEND,1174,Rebel Yell,1.75L,9,19.99,2016-01-01
67_EANVERNESS_2858,67,EANVERNESS,2858,Royal Thistle Scotch,750mL,2,16.99,2016-01-01
31_HORNSEY_2783,31,HORNSEY,2783,Lauders Scotch,1.75L,10,13.99,2016-01-01
78_EASTHAVEN_33037,78,EASTHAVEN,33037,Beringer Fndrs Est Cab Svgn,1.5L,7,18.99,2016-01-01
40_BULLMAR_5676,40,BULLMAR,5676,Kinky Liqueur,50mL,62,1.99,2016-01-01
58_HARTLEPOOL_2531,58,HARTLEPOOL,2531,WhistlePig 10 Yr Old Rye,750mL,6,65.99,2016-01-01
65_LUTON_1396,65,LUTON,1396,Old Crow,1.75L,8,15.99,2016-01-01
31_HORNSEY_32988,31,HORNSEY,32988,Barefoot Cab Svgn Cal,750mL,21,4.99,2016-01-01
51_ABERDEEN_4368,51,ABERDEEN,4368,Capt Morgan Private Stock,1.75L,20,33.99,2016-01-01
62_KILMARNOCK_2532,62,KILMARNOCK,2532,The Macallan 12 Yr Old,1.75L,4,134.99,2016-01-01
55_DRY GULCH_10680,55,DRY GULCH,10680,Segura Viudas Brut RSV,750mL,24,10.99,2016-01-01
60_IRRAGIN_15891,60,IRRAGIN,15891,Farnum Hill Dooryard Cider,750mL,12,11.99,2016-01-01
73_DONCASTER_24124,73,DONCASTER,24124,Tarima 14 Blanco Alicante,750mL,41,8.99,2016-01-01
49_GARIGILL_13708,49,GARIGILL,13708,Bota Box Cab Svgn,3L,8,17.99,2016-01-01
79_BALLYMENA_8408,79,BALLYMENA,8408,Wild Turkey American Honey,1.75L,12,34.99,2016-01-01
63_SWORDBREAK_4683,63,SWORDBREAK,4683,Hennessy VS Cognac,50mL,19,3.79,2016-01-01
4_EANVERNESS_6495,4,EANVERNESS,6495,Exotico Blanco Tequila,750mL,18,13.99,2016-01-01
8_ALNERWICK_2532,8,ALNERWICK,2532,The Macallan 12 Yr Old,1.75L,6,134.99,2016-01-01
45_VERITAS_28856,45,VERITAS,28856,Seghesio Znfdl Sonoma,750mL,10,19.99,2016-01-01
68_SOLARIS_16826,68,SOLARIS,16826,Simply Naked Unoaked Svgn Bl,750mL,14,8.99,2016-01-01
78_EASTHAVEN_966,78,EASTHAVEN,966,Patron Citronge Orange Liqu,750mL,10,20.99,2016-01-01
44_PORTHCRAWL_4249,44,PORTHCRAWL,4249,Capt Morgan White Coconut,750mL,16,12.99,2016-01-01
60_IRRAGIN_41712,60,IRRAGIN,41712,Fish Eye Chard,750mL,24,5.99,2016-01-01
49_GARIGILL_19453,49,GARIGILL,19453,Wente Southern Hill Cab Svgn,750mL,13,13.99,2016-01-01
70_KELD_10298,70,KELD,10298,Alamos Torrontes,750mL,8,9.99,2016-01-01
19_WINTERVALE_16328,19,WINTERVALE,16328,Black Box Chard,500mL,7,3.99,2016-01-01
49_GARIGILL_5457,49,GARIGILL,5457,After Shock Hot & Cool Cinmn,50mL,51,1.99,2016-01-01
44_PORTHCRAWL_32652,44,PORTHCRAWL,32652,Beringer Classic Wh Merlot,750mL,14,5.99,2016-01-01
67_EANVERNESS_90014,67,EANVERNESS,90014,Ch Giscours Margaux 12,750mL,23,61.99,2016-01-01
71_CLARCTON_812,71,CLARCTON,812,Jagermeister Liqueur,Liter,10,22.99,2016-01-01
22_SHARNWICK_18748,22,SHARNWICK,18748,Ca'Momi Bianco di Napa,750mL,7,8.29,2016-01-01
14_BROMWICH_33149,14,BROMWICH,33149,Alamos Ridge Malbec Mendoza,750mL,63,8.99,2016-01-01
66_EANVERNESS_5334,66,EANVERNESS,5334,Kahlua Especial,750mL,28,22.99,2016-01-01
67_EANVERNESS_2733,67,EANVERNESS,2733,GlenDronach Tawny Port 15 Yr,750mL,16,78.99,2016-01-01
73_DONCASTER_8450,73,DONCASTER,8450,E & J Brandy VS,1.75L,28,18.99,2016-01-01
26_KNIFE'S EDGE_2956,26,KNIFE'S EDGE,2956,Vat 69 Gold,1.75L,6,14.99,2016-01-01
7_STANMORE_538,7,STANMORE,538,Amaretto DiSaronno,375mL,8,10.99,2016-01-01
69_MOUNTMEND_18586,69,MOUNTMEND,18586,Eric Kent Small Town Pnt Nr,750mL,8,39.99,2016-01-01
9_BLACKPOOL_3783,9,BLACKPOOL,3783,Ciroc Apple Vodka,50mL,88,1.99,2016-01-01
67_EANVERNESS_5368,67,EANVERNESS,5368,Midori Melon Liqueur,750mL,18,21.49,2016-01-01
10_HORNSEY_27911,10,HORNSEY,27911,Ruffino Chianti Clsc Santeda,750mL,11,15.99,2016-01-01
32_MOUNTMEND_45822,32,MOUNTMEND,45822,Masciarelli Montepulciano,750mL,34,8.99,2016-01-01
67_EANVERNESS_20446,67,EANVERNESS,20446,Barefoot Bubbly Brut Cuvee,187mL 4 Pk,10,9.99,2016-01-01
76_DONCASTER_23382,76,DONCASTER,23382,Haywood Chamizal Znfdl 09,750mL,67,15.99,2016-01-01
43_WOLFORD_15094,43,WOLFORD,15094,Butter Chard,750mL,5,15.99,2016-01-01
55_DRY GULCH_19036,55,DRY GULCH,19036,Nicholson Ranch Est Chard,750mL,60,14.99,2016-01-01
66_EANVERNESS_5384,66,EANVERNESS,5384,Window's Migaki Shochu,750mL,3,32.99,2016-01-01
20_BREDWARDINE_1348,20,BREDWARDINE,1348,Knob Creek Bourbon,375mL,19,15.99,2016-01-01
79_BALLYMENA_2098,79,BALLYMENA,2098,Snake River Stampede Whisky,750mL,23,21.99,2016-01-01
29_AYLESBURY_4089,29,AYLESBURY,4089,Capt Morgan White,1.75L,17,20.99,2016-01-01
40_BULLMAR_3329,40,BULLMAR,3329,Seagrams Extra Smooth Vodka,1.75L,14,14.99,2016-01-01
46_TYWARDREATH_38406,46,TYWARDREATH,38406,Simi Landslide Cab Svgn Alex,750mL,8,23.99,2016-01-01
34_PITMERDEN_16610,34,PITMERDEN,16610,Leese-Fitch Cab Svgn,750mL,54,10.99,2016-01-01
7_STANMORE_23649,7,STANMORE,23649,Tom Gore Cabernet Svgn CA,750mL,30,12.99,2016-01-01
51_ABERDEEN_79,51,ABERDEEN,79,Three Olives Loopy Vodka,750mL,10,14.99,2016-01-01
74_PAENTMARWY_9109,74,PAENTMARWY,9109,Deep Eddy Ruby Red Vodka,50mL,72,0.99,2016-01-01
36_LEWES_16477,36,LEWES,16477,Cupcake Angel Food,750mL,13,7.49,2016-01-01
67_EANVERNESS_13899,67,EANVERNESS,13899,Hogue Genesis Meritage,750mL,18,15.99,2016-01-01
40_BULLMAR_3724,40,BULLMAR,3724,Absolut Citron,750mL,19,17.99,2016-01-01
69_MOUNTMEND_22270,69,MOUNTMEND,22270,Markham Cab Svgn,750mL,20,39.99,2016-01-01
29_AYLESBURY_31349,29,AYLESBURY,31349,Big House Red Cal,750mL,16,7.99,2016-01-01
10_HORNSEY_1738,10,HORNSEY,1738,Ole Smoky Moonshine Cherries,750mL,4,18.99,2016-01-01
69_MOUNTMEND_38369,69,MOUNTMEND,38369,Oyster Bay Pnt Nr Marlboro,750mL,42,14.99,2016-01-01
56_BEGGAR'S HOLE_25932,56,BEGGAR'S HOLE,25932,Gabbiano Chianti Clsc,750mL,9,9.99,2016-01-01
37_PAETHSMOUTH_3699,37,PAETHSMOUTH,3699,Chopin Vodka,1.75L,4,39.99,2016-01-01
72_HARDERSFIELD_6932,72,HARDERSFIELD,6932,Santa Rita 120 Chard,750mL,12,5.99,2016-01-01
31_HORNSEY_6174,31,HORNSEY,6174,Columbia Crest Grand Merlot,750mL,11,9.99,2016-01-01
39_EASTHALLOW_3673,39,EASTHALLOW,3673,Stolichnaya Strawberri,750mL,0,19.99,2016-01-01
40_BULLMAR_6688,40,BULLMAR,6688,Ch St Jean Chard California,750mL,33,9.99,2016-01-01
7_STANMORE_43788,7,STANMORE,43788,Veuve Clicquot Ponsardin Rs,750mL,11,49.99,2016-01-01
43_WOLFORD_8092,43,WOLFORD,8092,Johnnie Walker Red Label,50mL,25,2.29,2016-01-01
77_TAMWORTH_6692,77,TAMWORTH,6692,Jaboulet Cotes du Rhone Par,750mL,8,11.99,2016-01-01
10_HORNSEY_41253,10,HORNSEY,41253,Ch St Jean Cab Svgn Cal,750mL,55,11.99,2016-01-01
79_BALLYMENA_43673,79,BALLYMENA,43673,Blackstone Montry Pnt Grigio,750mL,31,8.99,2016-01-01
48_NORFOLK_8395,48,NORFOLK,8395,Casamigos Anejo,750mL,16,61.99,2016-01-01
54_GUTHRAM_19556,54,GUTHRAM,19556,Zorvino Bacca Z Blackberry,750mL,15,13.99,2016-01-01
74_PAENTMARWY_443,74,PAENTMARWY,443,St Germain Liqueur,750mL,13,33.99,2016-01-01
15_WANBORNE_2839,15,WANBORNE,2839,Ardmore Legacy Single Malt,750mL,6,36.99,2016-01-01
57_LANTEGLOS_3562,57,LANTEGLOS,3562,Pearl Vodka,50mL,83,0.99,2016-01-01
8_ALNERWICK_6015,8,ALNERWICK,6015,Jackson Morgan Salted Carmel,750mL,3,22.99,2016-01-01
73_DONCASTER_8166,73,DONCASTER,8166,Mount Gay Eclipse,750mL,15,19.99,2016-01-01
64_CESTERFIELD_3133,64,CESTERFIELD,3133,Svedka Strwbry Lemonad Vodka,750mL,20,10.99,2016-01-01
36_LEWES_14129,36,LEWES,14129,14 Hands Hot to Trot Red,750mL,19,8.95,2016-01-01
49_GARIGILL_32367,49,GARIGILL,32367,Cavit Pinot Noir Delle Vene,750mL,26,8.99,2016-01-01
19_WINTERVALE_5031,19,WINTERVALE,5031,DeKuyper Peppermint Schnapp,1.75L,6,14.99,2016-01-01
65_LUTON_1379,65,LUTON,1379,Jim Beam Traveler,750mL,11,16.49,2016-01-01
8_ALNERWICK_8000,8,ALNERWICK,8000,The Glenlivet 12 Yr Single,1.75L,17,67.99,2016-01-01
38_GOULCREST_26392,38,GOULCREST,26392,Pepperwood Grove Pnt Nr,750mL,12,7.99,2016-01-01
32_MOUNTMEND_8506,32,MOUNTMEND,8506,Myers Original Dark Rum,1.75L,18,32.99,2016-01-01
43_WOLFORD_5253,43,WOLFORD,5253,Kahlua Original Mudslide RTD,1.75L,8,15.99,2016-01-01
69_MOUNTMEND_2909,69,MOUNTMEND,2909,Lot No 40 Canadian Rye,750mL,24,59.99,2016-01-01
53_HILLFAR_3951,53,HILLFAR,3951,Hornitos Reposado Tequila,50mL,77,2.49,2016-01-01
36_LEWES_3053,36,LEWES,3053,Three Olives Cherry Vodka,50mL,2,0.99,2016-01-01
23_ARBINGTON_2946,23,ARBINGTON,2946,Highland Park 15 Yr Old,750mL,8,79.99,2016-01-01
73_DONCASTER_10372,73,DONCASTER,10372,Hazlitt Red Cat Finger Lakes,750mL,21,7.99,2016-01-01
38_GOULCREST_3662,38,GOULCREST,3662,Three Olives Blueberry Vodka,750mL,51,11.99,2016-01-01
70_KELD_38946,70,KELD,38946,Bully Hill Sweet Walter Rd,750mL,9,8.99,2016-01-01
42_BLACK HOLLOW_6280,42,BLACK HOLLOW,6280,Penfolds Koonunga Hill Chard,750mL,13,11.99,2016-01-01
16_LUNDY_7345,16,LUNDY,7345,M & R Asti,750mL,5,9.99,2016-01-01
49_GARIGILL_2645,49,GARIGILL,2645,Chivas Regal,750mL,23,29.99,2016-01-01
32_MOUNTMEND_31497,32,MOUNTMEND,31497,Barefoot Svgn Bl Cal,1.5L,10,10.99,2016-01-01
59_CLAETHORPES_5103,59,CLAETHORPES,5103,Fireball Cinnamon Whisky,1.75L,32,23.99,2016-01-01
76_DONCASTER_22662,76,DONCASTER,22662,Trefethen Chard Napa,750mL,25,32.99,2016-01-01
12_LEESIDE_3016,12,LEESIDE,3016,Bombay Sapphire East Gin,750mL,3,19.99,2016-01-01
15_WANBORNE_5457,15,WANBORNE,5457,After Shock Hot & Cool Cinmn,50mL,11,1.99,2016-01-01
11_CARDEND_8398,11,CARDEND,8398,Casamigos Blanco,750mL,6,53.99,2016-01-01
24_PALPERROTH_2136,24,PALPERROTH,2136,Elijah Craig 12 Yr Bourbon,750mL,13,28.99,2016-01-01
43_WOLFORD_8893,43,WOLFORD,8893,Yukon Jack,750mL,10,16.99,2016-01-01
54_GUTHRAM_1379,54,GUTHRAM,1379,Jim Beam Traveler,750mL,28,16.49,2016-01-01
10_HORNSEY_942,10,HORNSEY,942,Glenmorangie Nectar D'Or,750mL,6,59.99,2016-01-01
62_KILMARNOCK_6157,62,KILMARNOCK,6157,Kinky Blue Liqueur,375mL,6,7.99,2016-01-01
36_LEWES_366,36,LEWES,366,Crown Royal w/2 Glasses,750mL,3,21.99,2016-01-01
57_LANTEGLOS_4438,57,LANTEGLOS,4438,Cruzan Black Cherry Rum,750mL,12,9.99,2016-01-01
66_EANVERNESS_20406,66,EANVERNESS,20406,Tenuta Santo Pietro Percept,750mL,50,21.99,2016-01-01
15_WANBORNE_28947,15,WANBORNE,28947,R M Woodbridge Merlot Cal,1.5L,30,8.99,2016-01-01
14_BROMWICH_32989,14,BROMWICH,32989,Barefoot Cab Svgn Cal,1.5L,9,10.99,2016-01-01
57_LANTEGLOS_5452,57,LANTEGLOS,5452,Bauchant XO Apple,750mL,0,11.99,2016-01-01
6_GOULCREST_16393,6,GOULCREST,16393,Alamos Red Mendoza,750mL,14,9.99,2016-01-01
23_ARBINGTON_15915,23,ARBINGTON,15915,Simply Naked Cab Svgn,750mL,12,4.49,2016-01-01
61_AETHELNEY_8097,61,AETHELNEY,8097,Patron Citronge Orange,375mL,17,11.99,2016-01-01
69_MOUNTMEND_23510,69,MOUNTMEND,23510,Plantaze Vranac Montenegro,750mL,12,10.99,2016-01-01
36_LEWES_25046,36,LEWES,25046,Bully Hill Love My Goat Rd,750mL,3,8.99,2016-01-01
70_KELD_44148,70,KELD,44148,Polka Dot Rsl Pfalz,750mL,6,6.99,2016-01-01
7_STANMORE_8470,7,STANMORE,8470,1800 Reposado Gold Tequila,50mL,20,2.79,2016-01-01
61_AETHELNEY_3701,61,AETHELNEY,3701,UV Sangria Vodka,50mL,17,0.99,2016-01-01
59_CLAETHORPES_23840,59,CLAETHORPES,23840,Roth Est Red Heritage Sonoma,750mL,9,17.99,2016-01-01
8_ALNERWICK_14129,8,ALNERWICK,14129,14 Hands Hot to Trot Red,750mL,23,8.95,2016-01-01
6_GOULCREST_2125,6,GOULCREST,2125,Glenfiddich 14 Yr Barrel Rsv,750mL,3,49.99,2016-01-01
15_WANBORNE_4478,15,WANBORNE,4478,Myers Original Dark Rum,750mL,9,17.99,2016-01-01
6_GOULCREST_17016,6,GOULCREST,17016,Picpoul d Pinet HB Languedoc,750mL,12,12.99,2016-01-01
54_GUTHRAM_3706,54,GUTHRAM,3706,Pinnacle Citrus Vodka,1.75L,18,16.99,2016-01-01
14_BROMWICH_3348,14,BROMWICH,3348,Bombay Sapphire Gin,1.75L,46,29.99,2016-01-01
6_GOULCREST_5075,6,GOULCREST,5075,Tuaca Italian Liqueur,750mL,14,21.99,2016-01-01
34_PITMERDEN_38652,34,PITMERDEN,38652,Carpineto Chianti Clsc RSV,750mL,10,19.99,2016-01-01
38_GOULCREST_3194,38,GOULCREST,3194,Grey Goose Cherry Noir Vodka,750mL,30,23.99,2016-01-01
67_EANVERNESS_24187,67,EANVERNESS,24187,Mirafiore Nebbiolo Langhe,750mL,4,32.99,2016-01-01
44_PORTHCRAWL_42188,44,PORTHCRAWL,42188,Moet & Chandon Nectar Imp Rs,750mL,15,49.99,2016-01-01
21_BALERNO_8232,21,BALERNO,8232,Riunite Lambrusco,1.5L,4,8.99,2016-01-01
77_TAMWORTH_19507,77,TAMWORTH,19507,Geyser Peak Svgn Bl,750mL,14,7.99,2016-01-01
16_LUNDY_984,16,LUNDY,984,Patron XO Cafe Liqueur,750mL,3,25.99,2016-01-01
10_HORNSEY_18638,10,HORNSEY,18638,Waterstone Cab Svgn,750mL,11,24.99,2016-01-01
20_BREDWARDINE_4179,20,BREDWARDINE,4179,Bacardi Dragon Berry Rum,1.75L,9,19.99,2016-01-01
10_HORNSEY_6879,10,HORNSEY,6879,Maurice's Mentholated Mint,50mL,240,0.99,2016-01-01
18_FURNESS_822,18,FURNESS,822,Tanqueray,Liter,13,26.99,2016-01-01
58_HARTLEPOOL_4044,58,HARTLEPOOL,4044,Calico Jack Mango Rum,1.75L,3,12.99,2016-01-01
21_BALERNO_3197,21,BALERNO,3197,Pinnacle Vodka 100 Proof,1.75L,5,20.99,2016-01-01
53_HILLFAR_15156,53,HILLFAR,15156,Yago Sant'Gria Red,3L,5,12.99,2016-01-01
42_BLACK HOLLOW_8658,42,BLACK HOLLOW,8658,Absente 'Absinthe Refined',750mL,2,33.99,2016-01-01
20_BREDWARDINE_20406,20,BREDWARDINE,20406,Tenuta Santo Pietro Percept,750mL,14,21.99,2016-01-01
7_STANMORE_812,7,STANMORE,812,Jagermeister Liqueur,Liter,29,22.99,2016-01-01
55_DRY GULCH_32749,55,DRY GULCH,32749,Brancott Svgn Bl Marlboro,750mL,41,9.99,2016-01-01
31_HORNSEY_28214,31,HORNSEY,28214,Lagaria Venezie Pnt Grigio,750mL,14,11.99,2016-01-01
41_LARNWICK_5076,41,LARNWICK,5076,M Duffau Napoleon Armagnac,750mL,2,35.99,2016-01-01
57_LANTEGLOS_3462,57,LANTEGLOS,3462,Absolut Ruby Red,750mL,6,17.99,2016-01-01
5_SUTTON_46021,5,SUTTON,46021,Spellbound Cab Svgn Cal,750mL,8,11.99,2016-01-01
69_MOUNTMEND_23955,69,MOUNTMEND,23955,Alta Vista Rose,750mL,14,10.99,2016-01-01
45_VERITAS_5735,45,VERITAS,5735,Malibu Rum,750mL,31,12.99,2016-01-01
3_HORNSEY_4351,3,HORNSEY,4351,Capt Morgan Black Spiced Rum,750mL,10,22.99,2016-01-01
33_HORNSEY_5212,33,HORNSEY,5212,Margaritaville Silver,1.75L,7,19.99,2016-01-01
49_GARIGILL_45203,49,GARIGILL,45203,MezzaCorona Pnt Nr Dolomiti,750mL,17,7.89,2016-01-01
32_MOUNTMEND_2445,32,MOUNTMEND,2445,Seagrams VO,750mL,6,11.99,2016-01-01
63_SWORDBREAK_2956,63,SWORDBREAK,2956,Vat 69 Gold,1.75L,9,14.99,2016-01-01
42_BLACK HOLLOW_15527,42,BLACK HOLLOW,15527,Roscato Rosso,750mL,13,9.99,2016-01-01
47_PELLA'S WISH_37817,47,PELLA'S WISH,37817,Frescobaldi Chianti Castigln,750mL,13,13.99,2016-01-01
8_ALNERWICK_39775,8,ALNERWICK,39775,Bogle Svgn Bl Cal,750mL,11,8.99,2016-01-01
44_PORTHCRAWL_7341,44,PORTHCRAWL,7341,Smirnoff Watermelon,50mL,98,0.99,2016-01-01
62_KILMARNOCK_18857,62,KILMARNOCK,18857,Barefoot Refresh Crisp White,750mL,2,5.99,2016-01-01
14_BROMWICH_1355,14,BROMWICH,1355,Knob Creek Bourbon,50mL,22,3.49,2016-01-01
6_GOULCREST_4882,6,GOULCREST,4882,Arrow Coffee Brandy,750mL,5,6.49,2016-01-01
9_BLACKPOOL_8107,9,BLACKPOOL,8107,Wild Turkey 101,1.75L,17,34.99,2016-01-01
52_GRAYCOTT_6938,52,GRAYCOTT,6938,Vendange Chard,1.5L,6,6.99,2016-01-01
12_LEESIDE_3344,12,LEESIDE,3344,Bombay Sapphire Gin,750mL,18,19.99,2016-01-01
32_MOUNTMEND_24842,32,MOUNTMEND,24842,Jacobs Crk Shrz/Cab Svgn,750mL,12,7.99,2016-01-01
34_PITMERDEN_4639,34,PITMERDEN,4639,"Jefferson's ""Ocean"" Bourbon",750mL,88,79.99,2016-01-01
6_GOULCREST_2658,6,GOULCREST,2658,Cutty Sark,750mL,13,15.99,2016-01-01
59_CLAETHORPES_16262,59,CLAETHORPES,16262,The Dreaming Tree Crush Red,750mL,58,11.99,2016-01-01
26_KNIFE'S EDGE_11219,26,KNIFE'S EDGE,11219,Josh Cellars Cab Svgn Sonoma,750mL,18,13.99,2016-01-01
63_SWORDBREAK_37312,63,SWORDBREAK,37312,Salmon Run NY Pnt Nr,750mL,5,14.99,2016-01-01
18_FURNESS_1639,18,FURNESS,1639,The Famous Grouse,750mL,5,19.99,2016-01-01
34_PITMERDEN_11881,34,PITMERDEN,11881,R Stemmler Carneros Pnt Nr E,750mL,9,36.99,2016-01-01
13_TARMSWORTH_35668,13,TARMSWORTH,35668,Redwood Creek Merlot Cal,1.5L,7,10.99,2016-01-01
34_PITMERDEN_14036,34,PITMERDEN,14036,Vecchia Cantina Chianti DOC,750mL,11,6.99,2016-01-01
43_WOLFORD_5847,43,WOLFORD,5847,Godiva Chocolate Liqueur,750mL,1,21.99,2016-01-01
60_IRRAGIN_16526,60,IRRAGIN,16526,Flaco Tempranillo,750mL,0,8.99,2016-01-01
26_KNIFE'S EDGE_8370,26,KNIFE'S EDGE,8370,Chi Chi's Margarita,1.75L,8,10.99,2016-01-01
32_MOUNTMEND_12213,32,MOUNTMEND,12213,Evodia Garnacha Old Vine,750mL,16,8.99,2016-01-01
53_HILLFAR_6967,53,HILLFAR,6967,Santa Margherita Pnt Grigio,750mL,69,19.99,2016-01-01
78_EASTHAVEN_8622,78,EASTHAVEN,8622,Dom Perignon,750mL,5,134.99,2016-01-01
74_PAENTMARWY_28266,74,PAENTMARWY,28266,Nathanson Creek Wh Znfdl,1.5L,14,7.99,2016-01-01
62_KILMARNOCK_31790,62,KILMARNOCK,31790,Dominio de Eguren Protocolo,750mL,4,9.99,2016-01-01
67_EANVERNESS_8562,67,EANVERNESS,8562,DeKuyper Peachtree Trav,1.75L,32,14.99,2016-01-01
55_DRY GULCH_20475,55,DRY GULCH,20475,Hayes Valley Cab Svgn CC,750mL,13,9.99,2016-01-01
69_MOUNTMEND_2209,69,MOUNTMEND,2209,Pendleton 1910 Rye,750mL,7,29.99,2016-01-01
41_LARNWICK_8778,41,LARNWICK,8778,Bulleit Bourbon,1.75L,9,46.99,2016-01-01
14_BROMWICH_3423,14,BROMWICH,3423,Beefeater,1.75L,26,26.99,2016-01-01
38_GOULCREST_3758,38,GOULCREST,3758,Margaritaville Gold Tequila,1.75L,22,22.99,2016-01-01
39_EASTHALLOW_6867,39,EASTHALLOW,6867,Rodney Strong Pnt Nr,750mL,69,19.99,2016-01-01
38_GOULCREST_36267,38,GOULCREST,36267,Montinore Pnt Gris Ore,750mL,17,14.99,2016-01-01
50_MOUNTMEND_14623,50,MOUNTMEND,14623,The Naked Grape Pnt Grigio,750mL,13,6.99,2016-01-01
30_CULCHETH_11888,30,CULCHETH,11888,Penfolds Koonunga Hills Shir,750mL,8,10.99,2016-01-01
15_WANBORNE_3409,15,WANBORNE,3409,Crystal Head Vodka,750mL,8,49.99,2016-01-01
68_SOLARIS_20255,68,SOLARIS,20255,Breca OV Garnacha Calatayud,750mL,61,13.99,2016-01-01
51_ABERDEEN_6529,51,ABERDEEN,6529,William Hill Est Cab Svgn Na,750mL,8,34.99,2016-01-01
2_ASHBORNE_2990,2,ASHBORNE,2990,Bulldog Gin,750mL,6,22.99,2016-01-01
47_PELLA'S WISH_25036,47,PELLA'S WISH,25036,Albola Pinot Grigio,750mL,6,10.99,2016-01-01
42_BLACK HOLLOW_5315,42,BLACK HOLLOW,5315,B & B Liqueur Dom,750mL,7,24.99,2016-01-01
66_EANVERNESS_16200,66,EANVERNESS,16200,Gramona Lustros Gr Rsva Cava,750mL,5,42.99,2016-01-01
75_BARNCOMBE_3487,75,BARNCOMBE,3487,Stolichnaya Blueberi,750mL,9,16.99,2016-01-01
45_VERITAS_39479,45,VERITAS,39479,Barefoot Premium X-Dry,750mL,4,7.99,2016-01-01
31_HORNSEY_19507,31,HORNSEY,19507,Geyser Peak Svgn Bl,750mL,9,7.99,2016-01-01
50_MOUNTMEND_8617,50,MOUNTMEND,8617,Bacardi Black,750mL,12,9.99,2016-01-01
11_CARDEND_3689,11,CARDEND,3689,Stolichnaya Vanil,750mL,3,16.99,2016-01-01
26_KNIFE'S EDGE_5396,26,KNIFE'S EDGE,5396,Tia Maria Coffee Liqueur,750mL,15,16.99,2016-01-01
55_DRY GULCH_3910,55,DRY GULCH,3910,Hornitos Plata Tequila,375mL,18,12.99,2016-01-01
62_KILMARNOCK_5668,62,KILMARNOCK,5668,Dr McGillicuddy's Grape,750mL,60,12.99,2016-01-01
16_LUNDY_7996,16,LUNDY,7996,Stock Italian Sweet Vermouth,750mL,11,6.49,2016-01-01
23_ARBINGTON_5322,23,ARBINGTON,5322,Linie Aquavit,750mL,8,22.99,2016-01-01
33_HORNSEY_2894,33,HORNSEY,2894,Scoresby Rare,1.75L,6,17.99,2016-01-01
6_GOULCREST_15356,6,GOULCREST,15356,Seaglass Pnt Nr,750mL,10,9.99,2016-01-01
49_GARIGILL_2116,49,GARIGILL,2116,Sapling Maple Bourbon,750mL,7,37.99,2016-01-01
34_PITMERDEN_6725,34,PITMERDEN,6725,Franzia Crisp White Tap,5L,16,12.99,2016-01-01
46_TYWARDREATH_31494,46,TYWARDREATH,31494,Barefoot Merlot Cal,1.5L,9,10.99,2016-01-01
9_BLACKPOOL_2767,9,BLACKPOOL,2767,Johnnie Walker Blue Label,750mL,9,189.99,2016-01-01
11_CARDEND_20405,11,CARDEND,20405,Tenuta Santo Pietro Viper Su,750mL,14,16.99,2016-01-01
34_PITMERDEN_7265,34,PITMERDEN,7265,Taylor Fladgate LBV Port,750mL,14,15.99,2016-01-01
15_WANBORNE_16262,15,WANBORNE,16262,The Dreaming Tree Crush Red,750mL,19,11.99,2016-01-01
1_HARDERSFIELD_1181,1,HARDERSFIELD,1181,Kahlua Peppermint Mocha,750mL,0,18.99,2016-01-01
61_AETHELNEY_8123,61,AETHELNEY,8123,Mouton Cadet Red Brdx,750mL,19,12.99,2016-01-01
69_MOUNTMEND_23169,69,MOUNTMEND,23169,Nino Negri Vigneto Fracia 09,750mL,1,34.99,2016-01-01
23_ARBINGTON_15970,23,ARBINGTON,15970,Alexana Revana Vyd Pnt Nr,750mL,6,42.99,2016-01-01
6_GOULCREST_24673,6,GOULCREST,24673,Bolla Pinot Grigio,1.5L,10,15.99,2016-01-01
48_NORFOLK_3970,48,NORFOLK,3970,El Toro Gold,750mL,10,9.29,2016-01-01
73_DONCASTER_46555,73,DONCASTER,46555,Portillo Pnt Nr,750mL,22,8.99,2016-01-01
74_PAENTMARWY_5566,74,PAENTMARWY,5566,Grind Espresso Shot,750mL,8,14.99,2016-01-01
70_KELD_8670,70,KELD,8670,Arrow Coffee Brandy,1.75L,15,10.99,2016-01-01
35_HALIVAARA_12213,35,HALIVAARA,12213,Evodia Garnacha Old Vine,750mL,59,8.99,2016-01-01
56_BEGGAR'S HOLE_4889,56,BEGGAR'S HOLE,4889,Jenkins Coffee Brandy,1.75L,9,11.99,2016-01-01
43_WOLFORD_39491,43,WOLFORD,39491,Flag Hill Red Raspberry Fru,750mL,6,13.99,2016-01-01
6_GOULCREST_3938,6,GOULCREST,3938,Stolichnaya,750mL,7,16.99,2016-01-01
2_ASHBORNE_4064,2,ASHBORNE,4064,Calico Jack Pin/Coc Rum,1.75L,10,12.99,2016-01-01
25_CAERSHIRE_5153,25,CAERSHIRE,5153,Fireball Cinn Whisky Trav,750mL,22,15.99,2016-01-01
67_EANVERNESS_37735,67,EANVERNESS,37735,Walnut Crest Vnto Pnt Grigio,1.5L,11,12.99,2016-01-01
7_STANMORE_2250,7,STANMORE,2250,Jack Daniels Family 4 Pk/50m,50mL 4 Pk,0,12.99,2016-01-01
33_HORNSEY_2123,33,HORNSEY,2123,Angels Envy Rye,750mL,8,79.99,2016-01-01
44_PORTHCRAWL_8408,44,PORTHCRAWL,8408,Wild Turkey American Honey,1.75L,5,34.99,2016-01-01
14_BROMWICH_4264,14,BROMWICH,4264,Capt Morgan Spiced Rum Trav,750mL,43,14.99,2016-01-01
10_HORNSEY_2512,10,HORNSEY,2512,The Macallan 12 Yr Old,375mL,0,34.99,2016-01-01
19_WINTERVALE_5847,19,WINTERVALE,5847,Godiva Chocolate Liqueur,750mL,0,21.99,2016-01-01
35_HALIVAARA_8068,35,HALIVAARA,8068,Absolut 80 Proof,1.75L,115,24.99,2016-01-01
66_EANVERNESS_13708,66,EANVERNESS,13708,Bota Box Cab Svgn,3L,7,17.99,2016-01-01
67_EANVERNESS_23749,67,EANVERNESS,23749,Ch Carbonnieux 12 Pess-Leogn,750mL,7,44.99,2016-01-01
67_EANVERNESS_24387,67,EANVERNESS,24387,Steph Avrn Julienas Vielles,750mL,21,19.99,2016-01-01
52_GRAYCOTT_10626,52,GRAYCOTT,10626,MezzaCorona Pnt Nr,1.5L,8,10.99,2016-01-01
56_BEGGAR'S HOLE_11354,56,BEGGAR'S HOLE,11354,Paso a Paso Tempranillo,750mL,7,9.99,2016-01-01
25_CAERSHIRE_35862,25,CAERSHIRE,35862,Allegrini Palazzo Della Tor,750mL,12,19.99,2016-01-01
59_CLAETHORPES_15981,59,CLAETHORPES,15981,Verde Sole Znfdl,750mL,36,13.99,2016-01-01
14_BROMWICH_6429,14,BROMWICH,6429,C Y Toro Frontera Svgn Bl,1.5L,15,10.99,2016-01-01
17_OLDHAM_6216,17,OLDHAM,6216,Taylor Tawny Port,1.5L,6,7.99,2016-01-01
23_ARBINGTON_19356,23,ARBINGTON,19356,C Y Toro Marques Cs Cab Svgn,750mL,8,18.99,2016-01-01
76_DONCASTER_25003,76,DONCASTER,25003,Tenuta Sette Cieli Indaco,750mL,11,47.99,2016-01-01
76_DONCASTER_7868,76,DONCASTER,7868,Mumm Cordon Rouge Brut,750mL,16,35.99,2016-01-01
64_CESTERFIELD_3176,64,CESTERFIELD,3176,Smugglers Notch Vodka,750mL,6,27.99,2016-01-01
27_MOUNTMEND_8744,27,MOUNTMEND,8744,Jadot Bourgogne Pinot Noir,750mL,8,17.99,2016-01-01
72_HARDERSFIELD_2237,72,HARDERSFIELD,2237,Edradour 10 Yr Single Malt,750mL,5,56.99,2016-01-01
40_BULLMAR_2245,40,BULLMAR,2245,DUKE Kentucky Bourbon,750mL,4,35.99,2016-01-01
63_SWORDBREAK_20862,63,SWORDBREAK,20862,William Hill Est Cab Svgn NC,750mL,0,12.99,2016-01-01
6_GOULCREST_4223,6,GOULCREST,4223,Bacardi Gold Rum,1.75L,28,19.99,2016-01-01
2_ASHBORNE_6081,2,ASHBORNE,6081,Kinky Blue Liqueur,50mL,42,1.99,2016-01-01
54_GUTHRAM_18950,54,GUTHRAM,18950,Schug Pnt Nr Carneros,750mL,33,17.99,2016-01-01
34_PITMERDEN_14013,34,PITMERDEN,14013,Joseph Mellot Sancerre White,750mL,3,24.99,2016-01-01
66_EANVERNESS_38263,66,EANVERNESS,38263,Orleans Hill Syrah Lodi,750mL,28,8.99,2016-01-01
73_DONCASTER_19896,73,DONCASTER,19896,Masi Soave 2012 Classico,750mL,69,9.99,2016-01-01
23_ARBINGTON_3650,23,ARBINGTON,3650,Patron Silver Tequila,750mL,35,48.99,2016-01-01
66_EANVERNESS_8838,66,EANVERNESS,8838,Ch Ste Michelle Cab Svgn Col,750mL,35,12.99,2016-01-01
7_STANMORE_41321,7,STANMORE,41321,Bogle Phantom Red Cal,750mL,35,16.95,2016-01-01
69_MOUNTMEND_12429,69,MOUNTMEND,12429,F Coppola Diamnd Petite Sira,750mL,14,14.99,2016-01-01
9_BLACKPOOL_37313,9,BLACKPOOL,37313,Salmon Run NY Rsl,750mL,32,11.99,2016-01-01
61_AETHELNEY_34428,61,AETHELNEY,34428,Frei Bros RSV Chard RRV,750mL,25,15.99,2016-01-01
60_IRRAGIN_1343,60,IRRAGIN,1343,Jack Daniels Sinatra Select,Liter,7,165.99,2016-01-01
54_GUTHRAM_13963,54,GUTHRAM,13963,Yellow Tail Pnt Nr,1.5L,11,9.99,2016-01-01
24_PALPERROTH_3343,24,PALPERROTH,3343,Bombay Sapphire Gin,375mL,6,12.99,2016-01-01
13_TARMSWORTH_8680,13,TARMSWORTH,8680,Crown Royal,1.75L,35,38.99,2016-01-01
70_KELD_2648,70,KELD,2648,Chivas Regal,375mL,3,15.99,2016-01-01
10_HORNSEY_20905,10,HORNSEY,20905,Gekkeikan Suzaku Sake,300mL,9,8.99,2016-01-01
18_FURNESS_20791,18,FURNESS,20791,Belle Ambiance Pnt Grigio,750mL,14,7.99,2016-01-01
14_BROMWICH_3295,14,BROMWICH,3295,Tito's Handmade Vodka,375mL,14,9.99,2016-01-01
54_GUTHRAM_23231,54,GUTHRAM,23231,Stags Leap The Investor Red,750mL,10,54.99,2016-01-01
14_BROMWICH_8474,14,BROMWICH,8474,1800 Reposado Gold Tequila,1.75L,7,41.99,2016-01-01
53_HILLFAR_5358,53,HILLFAR,5358,Irish Mist Honey Liqueur,750mL,10,25.99,2016-01-01
26_KNIFE'S EDGE_3221,26,KNIFE'S EDGE,3221,Pinnacle Raspberry Vodka,750mL,4,9.99,2016-01-01
48_NORFOLK_3197,48,NORFOLK,3197,Pinnacle Vodka 100 Proof,1.75L,9,20.99,2016-01-01
47_PELLA'S WISH_6748,47,PELLA'S WISH,6748,Turning Leaf RSV Chard Cal,750mL,6,5.99,2016-01-01
66_EANVERNESS_942,66,EANVERNESS,942,Glenmorangie Nectar D'Or,750mL,17,59.99,2016-01-01
30_CULCHETH_7221,30,CULCHETH,7221,M & R Sweet Vermouth,1.5L,8,10.49,2016-01-01
28_LARNWICK_8626,28,LARNWICK,8626,Ezra Brooks,1.75L,14,15.99,2016-01-01
21_BALERNO_8202,21,BALERNO,8202,Sambuca Romana,750mL,23,17.99,2016-01-01
66_EANVERNESS_24305,66,EANVERNESS,24305,Marquis d Gelida Brut Rsv,750mL,16,16.99,2016-01-01
38_GOULCREST_14703,38,GOULCREST,14703,Casa Ferreirinha Esteva Doro,750mL,20,11.99,2016-01-01
8_ALNERWICK_32367,8,ALNERWICK,32367,Cavit Pinot Noir Delle Vene,750mL,10,8.99,2016-01-01
24_PALPERROTH_6569,24,PALPERROTH,6569,William Hill Est Chard Napa,750mL,16,19.99,2016-01-01
54_GUTHRAM_27830,54,GUTHRAM,27830,Silverado Svgn Bl Napa,750mL,9,16.99,2016-01-01
40_BULLMAR_8838,40,BULLMAR,8838,Ch Ste Michelle Cab Svgn Col,750mL,19,12.99,2016-01-01
23_ARBINGTON_34427,23,ARBINGTON,34427,Frei Bros RSV Cab Svgn Alex,750mL,13,21.99,2016-01-01
76_DONCASTER_37342,76,DONCASTER,37342,Dunn Vyds Cab Svgn Napa Vly,750mL,1,74.99,2016-01-01
72_HARDERSFIELD_652,72,HARDERSFIELD,652,Frangelico Gift Pack-Candle,750mL,0,21.99,2016-01-01
69_MOUNTMEND_7715,69,MOUNTMEND,7715,Andre Extra Dry,750mL,44,4.49,2016-01-01
15_WANBORNE_22352,15,WANBORNE,22352,Terlato Fmly Vyd Angels Peak,750mL,10,34.99,2016-01-01
79_BALLYMENA_3924,79,BALLYMENA,3924,Espolon Blanco Tequila,750mL,5,23.99,2016-01-01
50_MOUNTMEND_16695,50,MOUNTMEND,16695,Ch Hyot Brdx Castillon,750mL,0,15.99,2016-01-01
64_CESTERFIELD_15971,64,CESTERFIELD,15971,Revana Cab Svgn Napa Vly,750mL,8,109.99,2016-01-01
73_DONCASTER_20447,73,DONCASTER,20447,Barefoot Bubbly Pink Moscato,187mL 4 Pk,9,9.99,2016-01-01
27_MOUNTMEND_3545,27,MOUNTMEND,3545,Ketel One Vodka,1.75L,225,31.99,2016-01-01
13_TARMSWORTH_3497,13,TARMSWORTH,3497,Johnnie Walker Platinum,750mL,2,94.99,2016-01-01
4_EANVERNESS_3532,4,EANVERNESS,3532,Milagro Reposado Tequila,750mL,8,27.99,2016-01-01
16_LUNDY_23095,16,LUNDY,23095,Glen Ellen Cab Svgn RSV,1.5L,32,6.99,2016-01-01
15_WANBORNE_44912,15,WANBORNE,44912,Broadbent Madeira Rainwater,750mL,10,15.99,2016-01-01
64_CESTERFIELD_6950,64,CESTERFIELD,6950,Solerno Blood Orange Liqueur,750mL,3,34.99,2016-01-01
73_DONCASTER_17489,73,DONCASTER,17489,Ch St Pierre Rose,750mL,29,14.99,2016-01-01
29_AYLESBURY_17177,29,AYLESBURY,17177,Beringer Classic Merlot,1.5L,14,7.99,2016-01-01
73_DONCASTER_27596,73,DONCASTER,27596,MezzaCorona Pnt Grigio,750mL,22,7.89,2016-01-01
10_HORNSEY_17175,10,HORNSEY,17175,Beringer Classic Cab Svgn,1.5L,41,7.99,2016-01-01
70_KELD_4282,70,KELD,4282,Capt Morgan White Pineapple,750mL,4,12.99,2016-01-01
38_GOULCREST_24346,38,GOULCREST,24346,Antinori Badia Chianti Clsc,750mL,3,37.99,2016-01-01
32_MOUNTMEND_4012,32,MOUNTMEND,4012,Tall Ship White Island Rum,750mL,4,26.99,2016-01-01
50_MOUNTMEND_35130,50,MOUNTMEND,35130,C Back Goats Do Roam Rouge,750mL,15,10.99,2016-01-01
74_PAENTMARWY_4044,74,PAENTMARWY,4044,Calico Jack Mango Rum,1.75L,13,12.99,2016-01-01
55_DRY GULCH_34947,55,DRY GULCH,34947,M Chiarlo Moscato D'Asti Ni,375mL,29,11.49,2016-01-01
19_WINTERVALE_39593,19,WINTERVALE,39593,Redwood Creek Pnt Nr Cal,1.5L,11,9.99,2016-01-01
55_DRY GULCH_2002,55,DRY GULCH,2002,Kronan Swedish Punsch,750mL,2,29.99,2016-01-01
21_BALERNO_5507,21,BALERNO,5507,Arrow Blackberry Brandy,750mL,5,5.99,2016-01-01
12_LEESIDE_41252,12,LEESIDE,41252,Beringer Classic Pnt Grigio,1.5L,20,7.99,2016-01-01
18_FURNESS_12465,18,FURNESS,12465,Cline Cashmere Red Cal,750mL,0,8.99,2016-01-01
29_AYLESBURY_4939,29,AYLESBURY,4939,Kapali Coffee,1.75L,9,15.99,2016-01-01
48_NORFOLK_33148,48,NORFOLK,33148,Alamos Ridge Chard Mendoza,750mL,6,9.99,2016-01-01
35_HALIVAARA_10451,35,HALIVAARA,10451,Line 39 Cab Svgn Lake Cnty,750mL,12,9.99,2016-01-01
16_LUNDY_8910,16,LUNDY,8910,Finlandia Vodka,50mL,27,0.99,2016-01-01
32_MOUNTMEND_165,32,MOUNTMEND,165,Gentleman Jack Gift Pack,750mL,0,26.99,2016-01-01
25_CAERSHIRE_17168,25,CAERSHIRE,17168,Kendall Jackson Vntrs Rsl Rs,750mL,13,9.99,2016-01-01
59_CLAETHORPES_45604,59,CLAETHORPES,45604,Latour 12 Cuvee Bourg Rouge,750mL,24,19.99,2016-01-01
17_OLDHAM_3876,17,OLDHAM,3876,Smirnoff 80 Proof,1.75L,91,17.99,2016-01-01
58_HARTLEPOOL_8101,58,HARTLEPOOL,8101,Tanqueray,50mL,104,1.99,2016-01-01
46_TYWARDREATH_26949,46,TYWARDREATH,26949,Sonoma-Cutrer Chard RRV,750mL,13,22.99,2016-01-01
22_SHARNWICK_35088,22,SHARNWICK,35088,Newport Vyds Great White RI,750mL,4,9.99,2016-01-01
9_BLACKPOOL_34393,9,BLACKPOOL,34393,Valckenberg Gewurz Pfalz,750mL,9,11.99,2016-01-01
60_IRRAGIN_25992,60,IRRAGIN,25992,Murphy-Goode Cab Svgn Cal,750mL,8,12.99,2016-01-01
36_LEWES_8184,36,LEWES,8184,Kahlua,50mL,26,1.99,2016-01-01
67_EANVERNESS_7716,67,EANVERNESS,7716,Andre Brut,750mL,0,5.49,2016-01-01
27_MOUNTMEND_3348,27,MOUNTMEND,3348,Bombay Sapphire Gin,1.75L,46,29.99,2016-01-01
1_HARDERSFIELD_5539,1,HARDERSFIELD,5539,DeKuyper Hot Damn 100*,750mL,1,10.99,2016-01-01
69_MOUNTMEND_17347,69,MOUNTMEND,17347,Ridge Lytton Petite Sirah,750mL,15,29.99,2016-01-01
50_MOUNTMEND_19827,50,MOUNTMEND,19827,Pomino Chard,750mL,3,17.99,2016-01-01
79_BALLYMENA_25704,79,BALLYMENA,25704,Murphy-Goode Chard Sonoma,750mL,20,12.99,2016-01-01
23_ARBINGTON_38690,23,ARBINGTON,38690,Ch Ste Michelle Indn Wl Merl,750mL,3,14.99,2016-01-01
34_PITMERDEN_40098,34,PITMERDEN,40098,Black Box Merlot Cal,3L,13,18.99,2016-01-01
66_EANVERNESS_8620,66,EANVERNESS,8620,Sambuca Romana,375mL,39,11.99,2016-01-01
28_LARNWICK_4268,28,LARNWICK,4268,Capt Morgan Private Stock,750mL,8,22.99,2016-01-01
49_GARIGILL_11970,49,GARIGILL,11970,Zaccagnini Montepulciano Rsv,750mL,22,14.99,2016-01-01
55_DRY GULCH_24346,55,DRY GULCH,24346,Antinori Badia Chianti Clsc,750mL,10,37.99,2016-01-01
45_VERITAS_10451,45,VERITAS,10451,Line 39 Cab Svgn Lake Cnty,750mL,9,9.99,2016-01-01
32_MOUNTMEND_2522,32,MOUNTMEND,2522,The Macallan 10 Yr Fine Oak,750mL,33,52.99,2016-01-01
33_HORNSEY_27503,33,HORNSEY,27503,Ch Ste Michelle Hrse Hvn Svg,750mL,12,11.99,2016-01-01
60_IRRAGIN_1212,60,IRRAGIN,1212,DiSaronna Amaretto Sour VAP,750mL,36,19.99,2016-01-01
34_PITMERDEN_1228,34,PITMERDEN,1228,Glenfiddich Ancient RSV 18,750mL,10,94.99,2016-01-01
33_HORNSEY_24152,33,HORNSEY,24152,Grape Time Super Tuscan,750mL,7,13.49,2016-01-01
62_KILMARNOCK_3959,62,KILMARNOCK,3959,Hornitos Black Barrel,750mL,6,26.99,2016-01-01
26_KNIFE'S EDGE_8801,26,KNIFE'S EDGE,8801,Smirnoff Wh Peach Sorbet,50mL,74,0.99,2016-01-01
42_BLACK HOLLOW_8265,42,BLACK HOLLOW,8265,Cockburns Fine Ruby Port,750mL,11,9.99,2016-01-01
60_IRRAGIN_35490,60,IRRAGIN,35490,Sierra Cantabria Rioja Tint,750mL,12,13.99,2016-01-01
2_ASHBORNE_2991,2,ASHBORNE,2991,Tullibardine Single Malt,750mL,6,49.99,2016-01-01
8_ALNERWICK_8476,8,ALNERWICK,8476,1800 Reposado Gold Tequila,375mL,11,11.49,2016-01-01
21_BALERNO_1394,21,BALERNO,1394,Makers Mark,375mL,13,16.49,2016-01-01
68_SOLARIS_5468,68,SOLARIS,5468,Hine Rare VSOP,750mL,3,59.99,2016-01-01
25_CAERSHIRE_22247,25,CAERSHIRE,22247,Piccolo Fiore Rosso di Sicil,750mL,9,7.79,2016-01-01
34_PITMERDEN_3754,34,PITMERDEN,3754,Smirnoff Blueberry Vodka,750mL,34,12.99,2016-01-01
6_GOULCREST_6681,6,GOULCREST,6681,Cakebread Svgn Bl,750mL,19,23.99,2016-01-01
24_PALPERROTH_4652,24,PALPERROTH,4652,Hennessy XO Cognac,750mL,2,199.99,2016-01-01
21_BALERNO_21271,21,BALERNO,21271,Kentia Albarino Rias Baixas,750mL,19,13.99,2016-01-01
6_GOULCREST_8027,6,GOULCREST,8027,Absolut Mandrin,50mL,110,1.99,2016-01-01
53_HILLFAR_4363,53,HILLFAR,4363,Capt Morgan Black Spiced Rum,1.75L,6,32.99,2016-01-01
72_HARDERSFIELD_35606,72,HARDERSFIELD,35606,Castle Rock Chard Cntrl Cst,750mL,8,8.99,2016-01-01
73_DONCASTER_2922,73,DONCASTER,2922,Usquaebach 15 Yr Whisky,750mL,22,69.99,2016-01-01
73_DONCASTER_3728,73,DONCASTER,3728,Absolut Citron,1.75L,52,24.99,2016-01-01
23_ARBINGTON_24922,23,ARBINGTON,24922,Appolo Vyds China Girl,750mL,11,15.49,2016-01-01
38_GOULCREST_36070,38,GOULCREST,36070,Ch Cos D'Estournel 10,750mL,9,357.99,2016-01-01
52_GRAYCOTT_3159,52,GRAYCOTT,3159,Sobieski Vodka,750mL,8,9.99,2016-01-01
30_CULCHETH_17177,30,CULCHETH,17177,Beringer Classic Merlot,1.5L,14,7.99,2016-01-01
49_GARIGILL_15891,49,GARIGILL,15891,Farnum Hill Dooryard Cider,750mL,12,11.99,2016-01-01
68_SOLARIS_31465,68,SOLARIS,31465,Franzia Tap Chard,5L,4,17.99,2016-01-01
74_PAENTMARWY_37312,74,PAENTMARWY,37312,Salmon Run NY Pnt Nr,750mL,18,14.99,2016-01-01
46_TYWARDREATH_18734,46,TYWARDREATH,18734,Little Black Dress Divalicio,750mL,9,10.99,2016-01-01
67_EANVERNESS_4194,67,EANVERNESS,4194,Calico Jack Coconut Rum,1.75L,21,12.99,2016-01-01
50_MOUNTMEND_34219,50,MOUNTMEND,34219,Simi Merlot,750mL,10,16.99,2016-01-01
22_SHARNWICK_6396,22,SHARNWICK,6396,Taylor Dry Sherry,1.5L,11,7.79,2016-01-01
67_EANVERNESS_3952,67,EANVERNESS,3952,Belvedere Mango Passion,750mL,13,22.99,2016-01-01
16_LUNDY_6859,16,LUNDY,6859,C Y Toro Frontera Chard,1.5L,4,10.99,2016-01-01
34_PITMERDEN_11443,34,PITMERDEN,11443,Ravenswood Petite Sirah Vnts,750mL,6,8.99,2016-01-01
16_LUNDY_5146,16,LUNDY,5146,Pama Pomegranate Liqueur,750mL,6,17.99,2016-01-01
20_BREDWARDINE_8670,20,BREDWARDINE,8670,Arrow Coffee Brandy,1.75L,26,10.99,2016-01-01
22_SHARNWICK_7716,22,SHARNWICK,7716,Andre Brut,750mL,39,5.49,2016-01-01
1_HARDERSFIELD_46310,1,HARDERSFIELD,46310,Twisted Pnt Grigio Cal,750mL,10,8.99,2016-01-01
30_CULCHETH_6529,30,CULCHETH,6529,William Hill Est Cab Svgn Na,750mL,3,34.99,2016-01-01
69_MOUNTMEND_35976,69,MOUNTMEND,35976,Zeller Schwarze Rsl Valcknbg,750mL,15,9.99,2016-01-01
11_CARDEND_3511,11,CARDEND,3511,New Amsterdam Vodka,750mL,53,9.99,2016-01-01
64_CESTERFIELD_35918,64,CESTERFIELD,35918,Stone Cellars Pnt Grigio,1.5L,22,10.99,2016-01-01
5_SUTTON_11141,5,SUTTON,11141,C K Mondavi Chard,1.5L,10,9.99,2016-01-01
7_STANMORE_758,7,STANMORE,758,Cointreau Liqueur,Liter,11,39.99,2016-01-01
5_SUTTON_3583,5,SUTTON,3583,Smirnoff Orange Vodka,1.75L,7,17.99,2016-01-01
37_PAETHSMOUTH_24842,37,PAETHSMOUTH,24842,Jacobs Crk Shrz/Cab Svgn,750mL,23,7.99,2016-01-01
23_ARBINGTON_2086,23,ARBINGTON,2086,Jefferson's Rsv Groth Resrve,750mL,5,79.99,2016-01-01
67_EANVERNESS_19356,67,EANVERNESS,19356,C Y Toro Marques Cs Cab Svgn,750mL,21,18.99,2016-01-01
24_PALPERROTH_8442,24,PALPERROTH,8442,1800 Silver Tequila,375mL,5,14.49,2016-01-01
60_IRRAGIN_24310,60,IRRAGIN,24310,Hi! Prosecco,750mL,15,12.99,2016-01-01
30_CULCHETH_33326,30,CULCHETH,33326,Jacobs Crk Shiraz,750mL,8,7.99,2016-01-01
41_LARNWICK_4916,41,LARNWICK,4916,Mr Boston Coffee Brandy,1.75L,17,9.99,2016-01-01
76_DONCASTER_344,76,DONCASTER,344,Punt e Mes Sweet Vermouth,750mL,7,19.99,2016-01-01
52_GRAYCOTT_1767,52,GRAYCOTT,1767,Buffalo Trace Bourbon,750mL,9,24.99,2016-01-01
63_SWORDBREAK_32749,63,SWORDBREAK,32749,Brancott Svgn Bl Marlboro,750mL,12,9.99,2016-01-01
63_SWORDBREAK_1868,63,SWORDBREAK,1868,Lagavulin Single Malt 16-Yr,750mL,14,69.99,2016-01-01
2_ASHBORNE_22226,2,ASHBORNE,22226,Geyser Peak Pnt Nr,750mL,5,14.99,2016-01-01
8_ALNERWICK_16326,8,ALNERWICK,16326,Black Box Cab Svgn,500mL,9,3.99,2016-01-01
79_BALLYMENA_34951,79,BALLYMENA,34951,Ch Ste Michelle Eroica Rsl W,750mL,19,16.99,2016-01-01
16_LUNDY_4701,16,LUNDY,4701,Fabrizia Limoncello,750mL,19,16.99,2016-01-01
2_ASHBORNE_8322,2,ASHBORNE,8322,Chi Chi's Ruby Red Margarita,1.75L,7,8.99,2016-01-01
6_GOULCREST_3547,6,GOULCREST,3547,Ketel One Vodka,50mL,85,2.79,2016-01-01
18_FURNESS_37604,18,FURNESS,37604,Hardys Chard Ausl,3L,4,16.99,2016-01-01
6_GOULCREST_77,6,GOULCREST,77,Three Olives Espresso Vodka,750mL,18,14.99,2016-01-01
6_GOULCREST_2149,6,GOULCREST,2149,Canadian Ltd Traveler,750mL,7,7.99,2016-01-01
73_DONCASTER_5308,73,DONCASTER,5308,Paul Masson Red Berry Brandy,50mL,5,0.99,2016-01-01
23_ARBINGTON_15009,23,ARBINGTON,15009,Sean Minor Cab Svgn,750mL,4,19.99,2016-01-01
69_MOUNTMEND_364,69,MOUNTMEND,364,Ciroc Peach Vodka,200mL,232,7.99,2016-01-01
55_DRY GULCH_23516,55,DRY GULCH,23516,Chloe Pnt Nr,750mL,39,10.99,2016-01-01
27_MOUNTMEND_3498,27,MOUNTMEND,3498,Baileys Vanilla Cinnamon,750mL,0,18.99,2016-01-01
34_PITMERDEN_2713,34,PITMERDEN,2713,Inver House Green Plaid 3-Y,1.75L,17,13.99,2016-01-01
10_HORNSEY_5817,10,HORNSEY,5817,GranGala Triple Orange,1.75L,3,29.99,2016-01-01
31_HORNSEY_34427,31,HORNSEY,34427,Frei Bros RSV Cab Svgn Alex,750mL,11,21.99,2016-01-01
61_AETHELNEY_4804,61,AETHELNEY,4804,Rhum Barbancourt RSV Special,750mL,15,16.99,2016-01-01
61_AETHELNEY_36770,61,AETHELNEY,36770,Yellow Tail Cab Svgn Ausl,1.5L,37,8.95,2016-01-01
66_EANVERNESS_6269,66,EANVERNESS,6269,Sutter Home Cab Svgn,1.5L,52,9.99,2016-01-01
51_ABERDEEN_5392,51,ABERDEEN,5392,Goldschlager Cinnamon Schnps,750mL,19,17.99,2016-01-01
4_EANVERNESS_22509,4,EANVERNESS,22509,Alderbrook Pnt Nr RRV,750mL,47,17.99,2016-01-01
11_CARDEND_984,11,CARDEND,984,Patron XO Cafe Liqueur,750mL,10,25.99,2016-01-01
49_GARIGILL_24782,49,GARIGILL,24782,Casa Silva Los Lingues Cab S,750mL,60,19.99,2016-01-01
8_ALNERWICK_31915,8,ALNERWICK,31915,F Coppola Diamond Chard,750mL,30,12.99,2016-01-01
73_DONCASTER_39348,73,DONCASTER,39348,Sterling Vintners Cltn Pnt N,750mL,76,10.99,2016-01-01
42_BLACK HOLLOW_12111,42,BLACK HOLLOW,12111,LaBelle Winery Cranberry,750mL,5,15.99,2016-01-01
50_MOUNTMEND_3876,50,MOUNTMEND,3876,Smirnoff 80 Proof,1.75L,447,17.99,2016-01-01
6_GOULCREST_26456,6,GOULCREST,26456,Ravenswood Vntnrs Blnd Chard,750mL,26,8.99,2016-01-01
47_PELLA'S WISH_26949,47,PELLA'S WISH,26949,Sonoma-Cutrer Chard RRV,750mL,9,22.99,2016-01-01
34_PITMERDEN_1237,34,PITMERDEN,1237,Jack Daniels Single Barrel,750mL,99,44.99,2016-01-01
8_ALNERWICK_8701,8,ALNERWICK,8701,Sheffield Cream Sherry,1.5L,5,9.99,2016-01-01
23_ARBINGTON_13899,23,ARBINGTON,13899,Hogue Genesis Meritage,750mL,8,15.99,2016-01-01
17_OLDHAM_3610,17,OLDHAM,3610,Smirnoff Cranberry Vodka,750mL,12,12.99,2016-01-01
63_SWORDBREAK_41143,63,SWORDBREAK,41143,Red Diamond Cab Svgn Wash,750mL,7,8.99,2016-01-01
34_PITMERDEN_14688,34,PITMERDEN,14688,Ferrari-Carano RSV Chard,750mL,8,34.99,2016-01-01
13_TARMSWORTH_3889,13,TARMSWORTH,3889,Wolfschmidt Vodka Plastic,750mL,8,4.99,2016-01-01
26_KNIFE'S EDGE_40098,26,KNIFE'S EDGE,40098,Black Box Merlot Cal,3L,24,18.99,2016-01-01
57_LANTEGLOS_10421,57,LANTEGLOS,10421,Barefoot Moscato Cal,1.5L,8,10.99,2016-01-01
17_OLDHAM_6349,17,OLDHAM,6349,Glen Ellen Chard RSV,1.5L,20,6.99,2016-01-01
68_SOLARIS_3102,68,SOLARIS,3102,Smirnoff Traveler,1.75L,0,17.99,2016-01-01
63_SWORDBREAK_5833,63,SWORDBREAK,5833,Patron Roca Silver Tequila,750mL,4,69.99,2016-01-01
50_MOUNTMEND_3268,50,MOUNTMEND,3268,Pinnacle CranApple Vodka,750mL,5,9.99,2016-01-01
2_ASHBORNE_13807,2,ASHBORNE,13807,Oh Schist Rsl,750mL,11,10.99,2016-01-01
13_TARMSWORTH_42413,13,TARMSWORTH,42413,R M Woodbridge Rsl,1.5L,10,8.99,2016-01-01
14_BROMWICH_1039,14,BROMWICH,1039,Three Olives Vodka w/Flask,750mL,19,14.99,2016-01-01
10_HORNSEY_14383,10,HORNSEY,14383,LaBelle Winery Granite Red,750mL,22,15.99,2016-01-01
34_PITMERDEN_18265,34,PITMERDEN,18265,Gianni Gagliardo Barolo Serr,750mL,4,68.99,2016-01-01
53_HILLFAR_4385,53,HILLFAR,4385,Parrot Bay 90 Coconut Capt,1.75L,10,24.99,2016-01-01
62_KILMARNOCK_29128,62,KILMARNOCK,29128,Sutter Home Merlot Cal,187mL 4 Pk,16,5.99,2016-01-01
61_AETHELNEY_14975,61,AETHELNEY,14975,Cavit Moscato,750mL,24,8.99,2016-01-01
77_TAMWORTH_8262,77,TAMWORTH,8262,Metcalfe's Vermont Maple,750mL,5,21.99,2016-01-01
22_SHARNWICK_32835,22,SHARNWICK,32835,Mionetto Prosecco Superiore,750mL,2,17.99,2016-01-01
65_LUTON_41712,65,LUTON,41712,Fish Eye Chard,750mL,13,5.99,2016-01-01
76_DONCASTER_18130,76,DONCASTER,18130,Castello Di Ama Chianti Rsva,750mL,2,36.99,2016-01-01
78_EASTHAVEN_6670,78,EASTHAVEN,6670,Pinnacle Pineapple Vodka,750mL,19,9.99,2016-01-01
20_BREDWARDINE_24327,20,BREDWARDINE,24327,La Crema Pnt Nr Sonoma Cst,750mL,13,19.99,2016-01-01
40_BULLMAR_40545,40,BULLMAR,40545,Whitehaven Svgn Bl Marlboro,750mL,5,14.99,2016-01-01
2_ASHBORNE_7262,2,ASHBORNE,7262,Gallo Sweet Vermouth,750mL,15,5.49,2016-01-01
17_OLDHAM_14280,17,OLDHAM,14280,Cupcake Shiraz,750mL,7,7.49,2016-01-01
33_HORNSEY_3235,33,HORNSEY,3235,Absolut Berri Acai,750mL,7,17.99,2016-01-01
11_CARDEND_16428,11,CARDEND,16428,HandCraft Artisan Coll Chard,750mL,15,9.99,2016-01-01
7_STANMORE_8450,7,STANMORE,8450,E & J Brandy VS,1.75L,15,18.99,2016-01-01
11_CARDEND_9358,11,CARDEND,9358,KAH Reposado Tequila,750mL,8,54.99,2016-01-01
37_PAETHSMOUTH_6105,37,PAETHSMOUTH,6105,Midnight Moon,750mL,11,19.99,2016-01-01
66_EANVERNESS_2667,66,EANVERNESS,2667,Damrak Amsterdam Gin,750mL,11,17.99,2016-01-01
23_ARBINGTON_20552,23,ARBINGTON,20552,Cafaggio Single Est Chianti,750mL,4,14.99,2016-01-01
51_ABERDEEN_12994,51,ABERDEEN,12994,Acrobat Pnt Gris Oregon,750mL,10,12.99,2016-01-01
68_SOLARIS_23974,68,SOLARIS,23974,Catena RSV Chard,750mL,16,16.99,2016-01-01
78_EASTHAVEN_42874,78,EASTHAVEN,42874,Decoy by Duckhorn Red Sonoma,750mL,10,16.95,2016-01-01
7_STANMORE_22914,7,STANMORE,22914,Mount Veeder Cab Svgn,750mL,34,28.99,2016-01-01
25_CAERSHIRE_11238,25,CAERSHIRE,11238,Willamette Whole Clst Pnt Nr,750mL,9,20.99,2016-01-01
58_HARTLEPOOL_2254,58,HARTLEPOOL,2254,Canadian Club Triple Aged,750mL,7,12.99,2016-01-01
8_ALNERWICK_21201,8,ALNERWICK,21201,Bota Box Pnt Nr,3L,8,17.99,2016-01-01
15_WANBORNE_3704,15,WANBORNE,3704,Ciroc Pineapple Vodka,750mL,43,24.99,2016-01-01
7_STANMORE_8476,7,STANMORE,8476,1800 Reposado Gold Tequila,375mL,3,11.49,2016-01-01
21_BALERNO_38899,21,BALERNO,38899,L Martini Cab Svgn Sonoma,750mL,26,12.99,2016-01-01
46_TYWARDREATH_2862,46,TYWARDREATH,2862,Pinch 15-Yr by Haig & Haig,750mL,10,35.99,2016-01-01
33_HORNSEY_6958,33,HORNSEY,6958,Vendange Svgn Bl,1.5L,5,7.99,2016-01-01
41_LARNWICK_5375,41,LARNWICK,5375,Petrone Limoncello,750mL,8,18.99,2016-01-01
39_EASTHALLOW_41405,39,EASTHALLOW,41405,La Posta Angel Plucci Malbec,750mL,17,14.99,2016-01-01
9_BLACKPOOL_3488,9,BLACKPOOL,3488,Tanqueray,750mL,9,19.99,2016-01-01
71_CLARCTON_3235,71,CLARCTON,3235,Absolut Berri Acai,750mL,18,17.99,2016-01-01
67_EANVERNESS_25649,67,EANVERNESS,25649,De Loach Chard Cal,750mL,45,9.99,2016-01-01
66_EANVERNESS_19381,66,EANVERNESS,19381,O Wines Chard,750mL,17,9.99,2016-01-01
57_LANTEGLOS_2676,57,LANTEGLOS,2676,Grand MacNish,1.75L,3,14.99,2016-01-01
1_HARDERSFIELD_31493,1,HARDERSFIELD,31493,Barefoot Merlot Cal,750mL,11,4.99,2016-01-01
10_HORNSEY_35918,10,HORNSEY,35918,Stone Cellars Pnt Grigio,1.5L,13,10.99,2016-01-01
38_GOULCREST_19848,38,GOULCREST,19848,Carnivor Cab Svgn,750mL,48,9.99,2016-01-01
35_HALIVAARA_4783,35,HALIVAARA,4783,Mr Boston Apricot Brandy,1.75L,10,13.99,2016-01-01
50_MOUNTMEND_2572,50,MOUNTMEND,2572,Tatoosh Whiskey,750mL,18,50.99,2016-01-01
50_MOUNTMEND_16757,50,MOUNTMEND,16757,Cardamaro Vino Amaro,750mL,6,19.99,2016-01-01
11_CARDEND_2661,11,CARDEND,2661,Laphroaig Cask Strength 10Yr,750mL,6,61.99,2016-01-01
6_GOULCREST_6162,6,GOULCREST,6162,Jadot Pouilly Fuisse,750mL,29,21.99,2016-01-01
1_HARDERSFIELD_7977,1,HARDERSFIELD,7977,M & R X Dry Vermouth,1.5L,15,10.49,2016-01-01
14_BROMWICH_2826,14,BROMWICH,2826,Bowmore Small Batch Sngl Mlt,750mL,6,39.99,2016-01-01
25_CAERSHIRE_37527,25,CAERSHIRE,37527,Redwood Creek Pnt Grigio,1.5L,6,10.99,2016-01-01
1_HARDERSFIELD_971,1,HARDERSFIELD,971,Sauza Extra Gold Tequila,Liter,16,15.99,2016-01-01
34_PITMERDEN_25016,34,PITMERDEN,25016,Roger et Didier Raimbault Rs,750mL,17,24.99,2016-01-01
16_LUNDY_3580,16,LUNDY,3580,Smirnoff Orange Vodka,750mL,15,12.99,2016-01-01
63_SWORDBREAK_5255,63,SWORDBREAK,5255,TGI Fridays Ultimte Mudslide,1.75L,9,12.99,2016-01-01
35_HALIVAARA_6351,35,HALIVAARA,6351,Kendall Jackson Vntr RSV Cab,750mL,2,16.99,2016-01-01
15_WANBORNE_14818,15,WANBORNE,14818,Simi Pnt Nr Sonoma Cnty,750mL,5,19.99,2016-01-01
63_SWORDBREAK_4787,63,SWORDBREAK,4787,Appleton Special Gold Rum,1.75L,4,19.99,2016-01-01
27_MOUNTMEND_2155,27,MOUNTMEND,2155,McClelland Islay Single Malt,1.75L,5,37.99,2016-01-01
69_MOUNTMEND_1282,69,MOUNTMEND,1282,1792 Small Batch Bourbon.,750mL,8,25.99,2016-01-01
66_EANVERNESS_19799,66,EANVERNESS,19799,Belle Glos Dairyman Vyd PN,750mL,7,49.99,2016-01-01
72_HARDERSFIELD_27303,72,HARDERSFIELD,27303,Wyndham Bin 555 Shiraz,750mL,12,8.99,2016-01-01
60_IRRAGIN_1038,60,IRRAGIN,1038,1800 Silver w/ Shot Glasses,750mL,0,21.99,2016-01-01
49_GARIGILL_1985,49,GARIGILL,1985,Collier & McKeel Whiskey,750mL,1,48.99,2016-01-01
69_MOUNTMEND_15290,69,MOUNTMEND,15290,Backhouse Pnt Nr,750mL,24,6.99,2016-01-01
49_GARIGILL_22632,49,GARIGILL,22632,Buil & Gine Montsant 17X1,750mL,8,16.99,2016-01-01
74_PAENTMARWY_2143,74,PAENTMARWY,2143,Canadian Mist,1.75L,40,13.99,2016-01-01
58_HARTLEPOOL_5438,58,HARTLEPOOL,5438,Emmets Irish Cream,750mL,13,9.99,2016-01-01
27_MOUNTMEND_14475,27,MOUNTMEND,14475,Belcreme de Lys Chard,750mL,10,9.99,2016-01-01
4_EANVERNESS_5296,4,EANVERNESS,5296,Southern Comfort 100 Proof,1.75L,10,28.99,2016-01-01
4_EANVERNESS_8064,4,EANVERNESS,8064,Canadian Club,50mL,32,0.99,2016-01-01
24_PALPERROTH_21965,24,PALPERROTH,21965,Marques de Caceres Blanco Wh,750mL,26,8.99,2016-01-01
39_EASTHALLOW_1921,39,EASTHALLOW,1921,Glenfiddich Special Rsv 12,1.75L,6,67.99,2016-01-01
4_EANVERNESS_1595,4,EANVERNESS,1595,Gentleman Jack,375mL,12,15.99,2016-01-01
34_PITMERDEN_35130,34,PITMERDEN,35130,C Back Goats Do Roam Rouge,750mL,10,10.99,2016-01-01
56_BEGGAR'S HOLE_2609,56,BEGGAR'S HOLE,2609,Pigs Nose Scotch,750mL,8,24.99,2016-01-01
1_HARDERSFIELD_27835,1,HARDERSFIELD,27835,Wild Horse CC Pnt Nr,750mL,26,15.99,2016-01-01
14_BROMWICH_3699,14,BROMWICH,3699,Chopin Vodka,1.75L,4,39.99,2016-01-01
27_MOUNTMEND_4222,27,MOUNTMEND,4222,Bacardi Gold Rum,750mL,15,9.99,2016-01-01
25_CAERSHIRE_21752,25,CAERSHIRE,21752,Flag Hill Cayuga White,750mL,6,12.99,2016-01-01
4_EANVERNESS_3409,4,EANVERNESS,3409,Crystal Head Vodka,750mL,7,49.99,2016-01-01
33_HORNSEY_23464,33,HORNSEY,23464,Kendall Jackson Pnt Gris VR,750mL,13,10.99,2016-01-01
73_DONCASTER_3236,73,DONCASTER,3236,Pinnacle Pecan Pie,750mL,12,12.99,2016-01-01
79_BALLYMENA_8513,79,BALLYMENA,8513,Baileys Irish Cream Mini's 4,100mL 4 Pk,42,8.99,2016-01-01
42_BLACK HOLLOW_2802,42,BLACK HOLLOW,2802,SW4 London Dry Gin,750mL,10,24.99,2016-01-01
40_BULLMAR_2692,40,BULLMAR,2692,Glenmorangie 10 Yr Scotch,750mL,21,34.99,2016-01-01
15_WANBORNE_3682,15,WANBORNE,3682,Belvedere Vodka,750mL,11,22.99,2016-01-01
68_SOLARIS_6530,68,SOLARIS,6530,Meridian Santa Barbara Chard,750mL,21,7.99,2016-01-01
23_ARBINGTON_4290,23,ARBINGTON,4290,Bacardi Tangerine Rum,750mL,11,9.99,2016-01-01
72_HARDERSFIELD_159,72,HARDERSFIELD,159,Glenmorangie Original VAP,750mL + 2/,16,34.99,2016-01-01
59_CLAETHORPES_32989,59,CLAETHORPES,32989,Barefoot Cab Svgn Cal,1.5L,18,10.99,2016-01-01
49_GARIGILL_4269,49,GARIGILL,4269,Calico Jack Spiced Rum,1.75L,32,12.99,2016-01-01
73_DONCASTER_3527,73,DONCASTER,3527,Reyka Vodka,1.75L,66,27.99,2016-01-01
46_TYWARDREATH_2975,46,TYWARDREATH,2975,Bird Dog Blackberry Whiskey,750mL,7,14.99,2016-01-01
38_GOULCREST_22080,38,GOULCREST,22080,Hacienda Zargon Merlot,750mL,9,9.99,2016-01-01
54_GUTHRAM_8113,54,GUTHRAM,8113,R Mondavi Chard Napa,750mL,14,17.99,2016-01-01
22_SHARNWICK_25186,22,SHARNWICK,25186,Jadot Ch d Jacques Morgon 11,750mL,53,12.99,2016-01-01
35_HALIVAARA_1178,35,HALIVAARA,1178,Evan Williams Black Label B,750mL,3,11.49,2016-01-01
68_SOLARIS_16610,68,SOLARIS,16610,Leese-Fitch Cab Svgn,750mL,11,10.99,2016-01-01
32_MOUNTMEND_2756,32,MOUNTMEND,2756,Jameson Caskmates,750mL,37,29.99,2016-01-01
61_AETHELNEY_401,61,AETHELNEY,401,S S Pierce Ninety Nine Bl W,Liter,6,7.49,2016-01-01
68_SOLARIS_39450,68,SOLARIS,39450,Ponzi Willamette Pnt Nr,750mL,13,34.99,2016-01-01
67_EANVERNESS_3253,67,EANVERNESS,3253,Gilbeys London Dry,1.75L,72,11.99,2016-01-01
66_EANVERNESS_5689,66,EANVERNESS,5689,Villa Massa Limoncello,750mL,21,18.99,2016-01-01
32_MOUNTMEND_2491,32,MOUNTMEND,2491,Catskill Defiant Rye,375mL,24,33.99,2016-01-01
34_PITMERDEN_46783,34,PITMERDEN,46783,Oops Voluptuous Beauty Valle,750mL,21,9.99,2016-01-01
19_WINTERVALE_5285,19,WINTERVALE,5285,Jacquin Triple Sec,750mL,10,7.99,2016-01-01
75_BARNCOMBE_8929,75,BARNCOMBE,8929,Sebastiani Chard Sonoma,750mL,24,12.99,2016-01-01
4_EANVERNESS_2440,4,EANVERNESS,2440,Platte Valley Fireshine,750mL,6,16.99,2016-01-01
18_FURNESS_1376,18,FURNESS,1376,Jim Beam,1.75L,54,21.99,2016-01-01
77_TAMWORTH_1550,77,TAMWORTH,1550,Jack Daniels Tennessee Fire,100mL,1,3.99,2016-01-01
1_HARDERSFIELD_4148,1,HARDERSFIELD,4148,Fattoria de Limone,750mL,12,17.99,2016-01-01
69_MOUNTMEND_16931,69,MOUNTMEND,16931,Caymus Spec Select Cab Svgn,750mL,10,165.99,2016-01-01
35_HALIVAARA_41072,35,HALIVAARA,41072,Angeline Pnt Nr Rsv,750mL,84,11.99,2016-01-01
46_TYWARDREATH_24592,46,TYWARDREATH,24592,Vendange Cab Svgn,1.5L,22,6.99,2016-01-01
19_WINTERVALE_11888,19,WINTERVALE,11888,Penfolds Koonunga Hills Shir,750mL,18,10.99,2016-01-01
56_BEGGAR'S HOLE_46381,56,BEGGAR'S HOLE,46381,Ghost Pines Merlot L Martini,750mL,23,17.99,2016-01-01
76_DONCASTER_4437,76,DONCASTER,4437,Mount Gay Eclipse,1.75L,55,33.99,2016-01-01
66_EANVERNESS_5376,66,EANVERNESS,5376,Bols Yogurt Liqueur,750mL,45,12.99,2016-01-01
37_PAETHSMOUTH_3961,37,PAETHSMOUTH,3961,Grey Goose La Poire Vodka,750mL,4,23.99,2016-01-01
23_ARBINGTON_25808,23,ARBINGTON,25808,Edna Valley Chard,750mL,12,11.99,2016-01-01
38_GOULCREST_15876,38,GOULCREST,15876,3 Brooms Svgn Bl Marlborough,750mL,22,14.99,2016-01-01
66_EANVERNESS_2465,66,EANVERNESS,2465,Crown Royal Mini,50mL,28,2.99,2016-01-01
29_AYLESBURY_8130,29,AYLESBURY,8130,Bacardi Superior Rum,50mL,21,1.29,2016-01-01
35_HALIVAARA_1623,35,HALIVAARA,1623,Bulleit 95 Rye,375mL,6,12.99,2016-01-01
79_BALLYMENA_11827,79,BALLYMENA,11827,Cupcake Merlot,750mL,9,7.49,2016-01-01
12_LEESIDE_8154,12,LEESIDE,8154,Cazadores Reposado Tequila,750mL,11,21.99,2016-01-01
6_GOULCREST_31231,6,GOULCREST,31231,Nobilo Svgn Bl MarlborougH,750mL,8,9.99,2016-01-01
79_BALLYMENA_37083,79,BALLYMENA,37083,Jewell Towne Cayuga Wh NH,750mL,14,11.49,2016-01-01
32_MOUNTMEND_3349,32,MOUNTMEND,3349,Russian Standard Vodka,50mL,98,0.99,2016-01-01
50_MOUNTMEND_41927,50,MOUNTMEND,41927,Ch Lamothe de Haux Wh Brdx,750mL,16,13.99,2016-01-01
3_HORNSEY_3773,3,HORNSEY,3773,General John Stark Vodka,750mL,11,29.99,2016-01-01
34_PITMERDEN_21670,34,PITMERDEN,21670,Colpetrone Sagratino Mn DOCG,750mL,4,24.99,2016-01-01
16_LUNDY_2132,16,LUNDY,2132,Lord Calvert Canadian,1.75L,11,12.99,2016-01-01
33_HORNSEY_42948,33,HORNSEY,42948,Root 1 Cab Svgn,750mL,17,10.99,2016-01-01
65_LUTON_4783,65,LUTON,4783,Mr Boston Apricot Brandy,1.75L,6,13.99,2016-01-01
23_ARBINGTON_8068,23,ARBINGTON,8068,Absolut 80 Proof,1.75L,199,24.99,2016-01-01
73_DONCASTER_2530,73,DONCASTER,2530,The Macallan 17Yr Old Scotch,750mL,0,229.99,2016-01-01
34_PITMERDEN_1178,34,PITMERDEN,1178,Evan Williams Black Label B,750mL,17,11.49,2016-01-01
60_IRRAGIN_6946,60,IRRAGIN,6946,Rosemount Diamond Cab Svgn,750mL,16,8.99,2016-01-01
65_LUTON_2859,65,LUTON,2859,Bushmills Irish Honey,750mL,4,19.99,2016-01-01
34_PITMERDEN_6542,34,PITMERDEN,6542,Melini Borghi D'Elsa Chiant,750mL,166,6.99,2016-01-01
73_DONCASTER_19502,73,DONCASTER,19502,Nostor Templari Priorat Red,750mL,1,41.99,2016-01-01
58_HARTLEPOOL_3818,58,HARTLEPOOL,3818,Cabo Wabo Blanco Tequila,750mL,6,29.99,2016-01-01
44_PORTHCRAWL_3359,44,PORTHCRAWL,3359,Skyy Infusions Vanilla Bean,50mL,76,0.99,2016-01-01
34_PITMERDEN_41212,34,PITMERDEN,41212,A to Z Pnt Gris Ore,750mL,18,15.99,2016-01-01
56_BEGGAR'S HOLE_8298,56,BEGGAR'S HOLE,8298,Skinnygirl Grapefruit Marg,750mL,12,10.99,2016-01-01
11_CARDEND_3564,11,CARDEND,3564,Ciroc Amaretto Vodka,1.75L,3,47.99,2016-01-01
58_HARTLEPOOL_5735,58,HARTLEPOOL,5735,Malibu Rum,750mL,44,12.99,2016-01-01
38_GOULCREST_46429,38,GOULCREST,46429,Villa Pozzi Pnt Grigio Vnzie,750mL,13,8.99,2016-01-01
54_GUTHRAM_19645,54,GUTHRAM,19645,Line 39 Pnt Nr,750mL,23,9.99,2016-01-01
59_CLAETHORPES_2760,59,CLAETHORPES,2760,Jack Daniels Tennessee Honey,1.75L,33,36.99,2016-01-01
70_KELD_5740,70,KELD,5740,Sweet Revenge,750mL,8,17.99,2016-01-01
60_IRRAGIN_19609,60,IRRAGIN,19609,Ch Guiraud Sauternes 10,750mL,6,83.99,2016-01-01
9_BLACKPOOL_25126,9,BLACKPOOL,25126,Zorvino Vyds Peachez,750mL,9,9.99,2016-01-01
41_LARNWICK_8970,41,LARNWICK,8970,Ice Box Manhattan,1.75L,8,9.99,2016-01-01
71_CLARCTON_1758,71,CLARCTON,1758,Aberlour Glenlivet 12 Yr,750mL,8,39.99,2016-01-01
34_PITMERDEN_6361,34,PITMERDEN,6361,Totts Extra Dry,750mL,2,7.99,2016-01-01
39_EASTHALLOW_19557,39,EASTHALLOW,19557,Zorvino Fragole Z Strawberry,750mL,25,13.99,2016-01-01
70_KELD_1789,70,KELD,1789,Jack Daniels Tennesse Fire,750mL,11,25.99,2016-01-01
6_GOULCREST_8351,6,GOULCREST,8351,Arrow Kirsch,750mL,7,10.99,2016-01-01
52_GRAYCOTT_26236,52,GRAYCOTT,26236,Marques de Caceres Rose,750mL,12,8.99,2016-01-01
4_EANVERNESS_2755,4,EANVERNESS,2755,Johnnie Walker Red Label,750mL,23,24.99,2016-01-01
71_CLARCTON_41558,71,CLARCTON,41558,Sydney Ann Pinot Grigio Ver,750mL,12,12.99,2016-01-01
30_CULCHETH_19169,30,CULCHETH,19169,Anterra Chardonnay,750mL,5,7.99,2016-01-01
54_GUTHRAM_23649,54,GUTHRAM,23649,Tom Gore Cabernet Svgn CA,750mL,11,12.99,2016-01-01
4_EANVERNESS_12681,4,EANVERNESS,12681,The Crusher Pnt Nr,750mL,9,11.99,2016-01-01
75_BARNCOMBE_2951,75,BARNCOMBE,2951,Old Bushmills Irish Whiskey,1.75L,8,37.99,2016-01-01
38_GOULCREST_2125,38,GOULCREST,2125,Glenfiddich 14 Yr Barrel Rsv,750mL,8,49.99,2016-01-01
73_DONCASTER_11970,73,DONCASTER,11970,Zaccagnini Montepulciano Rsv,750mL,32,14.99,2016-01-01
4_EANVERNESS_4179,4,EANVERNESS,4179,Bacardi Dragon Berry Rum,1.75L,10,19.99,2016-01-01
71_CLARCTON_5489,71,CLARCTON,5489,DeKuyper Hot Damn Cinnamon,750mL,16,10.99,2016-01-01
8_ALNERWICK_2625,8,ALNERWICK,2625,Nikka Coffey Grain Whisky,750mL,5,59.99,2016-01-01
68_SOLARIS_5169,68,SOLARIS,5169,Kahlua Hazelnut,750mL,12,18.99,2016-01-01
60_IRRAGIN_40053,60,IRRAGIN,40053,Campo Viejo Tempranillo,750mL,17,9.99,2016-01-01
79_BALLYMENA_7716,79,BALLYMENA,7716,Andre Brut,750mL,12,5.49,2016-01-01
46_TYWARDREATH_10626,46,TYWARDREATH,10626,MezzaCorona Pnt Nr,1.5L,4,10.99,2016-01-01
55_DRY GULCH_3354,55,DRY GULCH,3354,Ketel One Vodka,375mL,21,14.99,2016-01-01
18_FURNESS_4199,18,FURNESS,4199,Sauza Blanco Tequila,1.75L,8,21.99,2016-01-01
69_MOUNTMEND_43922,69,MOUNTMEND,43922,Farnum Hill Farmhouse Cider,750mL,0,8.99,2016-01-01
16_LUNDY_5680,16,LUNDY,5680,Barenjager Honey Liqueur,50mL,55,1.99,2016-01-01
41_LARNWICK_3472,41,LARNWICK,3472,Cazadores Blanco Tequila,750mL,13,14.99,2016-01-01
