InventoryId,Store,City,Brand,Description,Size,onHand,Price,endDate
51_ABERDEEN_5215,51,ABERDEEN,5215,TGI Fridays Long Island Iced,1.75L,21,12.99,2016-12-31
59_CLAETHORPES_8393,59,CLAETHORPES,8393,Casamigos Reposado,750mL,7,56.99,2016-12-31
39_EASTHALLOW_32090,39,EASTHALLOW,32090,Rutherford Ranch Cab Svgn,750mL,10,26.99,2016-12-31
34_PITMERDEN_3982,34,PITMERDEN,3982,Hornitos Reposado Tequila,750mL,323,20.99,2016-12-31
53_HILLFAR_8130,53,HILLFAR,8130,Bacardi Superior Rum,50mL,111,1.29,2016-12-31
10_HORNSEY_14383,10,HORNSEY,14383,LaBelle Winery Granite Red,750mL,18,15.99,2016-12-31
81_PEMBROKE_25279,81,PEMBROKE,25279,Pommery Cuvee Louise 2002,750mL,2,124.99,2016-12-31
4_EANVERNESS_18423,4,EANVERNESS,18423,F Coppola Diamond Red,750mL,6,15.99,2016-12-31
33_HORNSEY_11827,33,HORNSEY,11827,Cupcake Merlot,750mL,17,7.49,2016-12-31
41_LARNWICK_2552,41,LARNWICK,2552,Defiant American Single Malt,750mL,5,37.99,2016-12-31
72_HARDERSFIELD_200,72,HARDERSFIELD,200,Luxardo Maraschino Liqueur,750mL,1,29.99,2016-12-31
31_HORNSEY_1545,31,HORNSEY,1545,Gentleman Jack,750mL,11,28.99,2016-12-31
55_DRY GULCH_5527,55,DRY GULCH,5527,Fernet Gancia Liqueur,750mL,17,22.99,2016-12-31
68_SOLARIS_36284,68,SOLARIS,36284,Gruet Brut New Mexico,750mL,16,16.99,2016-12-31
4_EANVERNESS_40114,4,EANVERNESS,40114,M & R Prosecco Frizzante,750mL,35,10.99,2016-12-31
61_AETHELNEY_5155,61,AETHELNEY,5155,Arrow Brown Creme de Cacao,750mL,13,7.99,2016-12-31
9_BLACKPOOL_5858,9,BLACKPOOL,5858,Ole Smoky Apple Pie Moonshin,50mL,1,1.99,2016-12-31
33_HORNSEY_24357,33,HORNSEY,24357,Bota Box Nighthawk Dark Red,3L,12,17.99,2016-12-31
27_MOUNTMEND_20788,27,MOUNTMEND,20788,Mt Tabor Galilee Chard,750mL,14,16.99,2016-12-31
43_WOLFORD_3758,43,WOLFORD,3758,Margaritaville Gold Tequila,1.75L,7,22.99,2016-12-31
20_BREDWARDINE_25036,20,BREDWARDINE,25036,Albola Pinot Grigio,750mL,17,10.99,2016-12-31
14_BROMWICH_2772,14,BROMWICH,2772,Talisker Storm Scotch,750mL,3,49.99,2016-12-31
70_KELD_8032,70,KELD,8032,Ballatore Gran Spumante,750mL,35,8.49,2016-12-31
33_HORNSEY_25567,33,HORNSEY,25567,Saddleback Clrs 11 Cab Svgn,750mL,69,37.99,2016-12-31
67_EANVERNESS_2852,67,EANVERNESS,2852,Bushmills 10 Yr Irish Whisky,750mL,8,40.99,2016-12-31
61_AETHELNEY_12945,61,AETHELNEY,12945,Middle Sister Mischief Maker,750mL,9,12.99,2016-12-31
54_GUTHRAM_2290,54,GUTHRAM,2290,Jim Beam Devils Cut Bourbon,750mL,8,23.99,2016-12-31
41_LARNWICK_5872,41,LARNWICK,5872,Godiva Chocolate Liqueur,50mL,55,2.99,2016-12-31
79_BALLYMENA_1781,79,BALLYMENA,1781,W Turkey Russells Rsv S Barr,750mL,11,49.99,2016-12-31
10_HORNSEY_3609,10,HORNSEY,3609,Smirnoff Vanilla Vodka,50mL,251,0.99,2016-12-31
24_PALPERROTH_1380,24,PALPERROTH,1380,Bulleit 95 Rye,1.75L,13,47.99,2016-12-31
81_PEMBROKE_27831,81,PEMBROKE,27831,Wild Horse CC Chard,750mL,19,15.99,2016-12-31
67_EANVERNESS_29996,67,EANVERNESS,29996,Wild Horse CC Cab Svgn,750mL,49,16.99,2016-12-31
67_EANVERNESS_26383,67,EANVERNESS,26383,Buehler Chard RRV,750mL,87,11.99,2016-12-31
8_ALNERWICK_8063,8,ALNERWICK,8063,Absolut Pears,50mL,56,1.99,2016-12-31
49_GARIGILL_4527,49,GARIGILL,4527,Camus Grand VSOP Elegance,750mL,8,34.99,2016-12-31
61_AETHELNEY_3218,61,AETHELNEY,3218,Firefly Sweet Tea Vodka,750mL,17,12.99,2016-12-31
66_EANVERNESS_200,66,EANVERNESS,200,Luxardo Maraschino Liqueur,750mL,4,29.99,2016-12-31
74_PAENTMARWY_20402,74,PAENTMARWY,20402,I Lauri Tavo Pnt Grigio,750mL,6,8.99,2016-12-31
74_PAENTMARWY_23539,74,PAENTMARWY,23539,Vin Vault Chard,3L,10,19.99,2016-12-31
4_EANVERNESS_5735,4,EANVERNESS,5735,Malibu Rum,750mL,129,12.99,2016-12-31
29_AYLESBURY_8822,29,AYLESBURY,8822,Absolut 80 Proof,50mL,104,1.99,2016-12-31
35_HALIVAARA_44292,35,HALIVAARA,44292,Woop Woop Shiraz,750mL,10,12.99,2016-12-31
47_PELLA'S WISH_25716,47,PELLA'S WISH,25716,Grgich Hills Chard Napa,750mL,13,39.99,2016-12-31
44_PORTHCRAWL_18812,44,PORTHCRAWL,18812,Sweet Baby Vyds Strawberry,750mL,15,12.49,2016-12-31
55_DRY GULCH_17340,55,DRY GULCH,17340,Chops & Burgers Bordeaux,750mL,23,9.99,2016-12-31
22_SHARNWICK_4304,22,SHARNWICK,4304,Bacardi Mango Fusion,50mL,1,0.99,2016-12-31
72_HARDERSFIELD_5299,72,HARDERSFIELD,5299,Southern Comfort,1.75L,64,19.99,2016-12-31
64_CESTERFIELD_41143,64,CESTERFIELD,41143,Red Diamond Cab Svgn Wash,750mL,43,8.99,2016-12-31
54_GUTHRAM_8678,54,GUTHRAM,8678,Banfi Chianti Clsc RSV,750mL,102,16.99,2016-12-31
70_KELD_37656,70,KELD,37656,MacMurray Ranch Sonma Pnt Nr,750mL,11,19.99,2016-12-31
48_NORFOLK_508,48,NORFOLK,508,Bacardi Superior Rum,Liter,25,15.49,2016-12-31
74_PAENTMARWY_2973,74,PAENTMARWY,2973,Eagle Rare Single Barrel Bo,750mL,68,27.99,2016-12-31
39_EASTHALLOW_2676,39,EASTHALLOW,2676,Grand MacNish,1.75L,20,14.99,2016-12-31
37_PAETHSMOUTH_4626,37,PAETHSMOUTH,4626,Meukow VS Cognac,750mL,9,14.99,2016-12-31
76_DONCASTER_12505,76,DONCASTER,12505,Angelini Pnt Nr Veneto,750mL,24,9.99,2016-12-31
73_DONCASTER_33965,73,DONCASTER,33965,Castellare Chianti Clsc,750mL,9,21.99,2016-12-31
30_CULCHETH_4724,30,CULCHETH,4724,Patron Citronge Lime Liqueur,750mL,8,20.99,2016-12-31
24_PALPERROTH_13708,24,PALPERROTH,13708,Bota Box Cab Svgn,3L,4,17.99,2016-12-31
68_SOLARIS_3884,68,SOLARIS,3884,Bracero Blanco Tequila,750mL,3,37.99,2016-12-31
39_EASTHALLOW_7991,39,EASTHALLOW,7991,Stock Italian X Dry Vermouth,1.5L,19,8.99,2016-12-31
49_GARIGILL_22170,49,GARIGILL,22170,Bone Shaker Znfdl,750mL,18,21.99,2016-12-31
38_GOULCREST_22934,38,GOULCREST,22934,Carol Shelton Rocky Rsv Znfd,750mL,11,32.99,2016-12-31
6_GOULCREST_6530,6,GOULCREST,6530,Meridian Santa Barbara Chard,750mL,13,7.99,2016-12-31
66_EANVERNESS_32054,66,EANVERNESS,32054,Greg Norman Lmstn Cab/Merlot,750mL,37,9.99,2016-12-31
73_DONCASTER_21627,73,DONCASTER,21627,Ferrari Carano Pnt Grigio,750mL,15,16.99,2016-12-31
41_LARNWICK_24604,41,LARNWICK,24604,DarkHorse Pnt Nr,750mL,18,7.99,2016-12-31
22_SHARNWICK_6523,22,SHARNWICK,6523,Franzia Burgundy Tap Red,5L,8,17.99,2016-12-31
60_IRRAGIN_3292,60,IRRAGIN,3292,GlenDronach 1995,750mL,6,169.99,2016-12-31
47_PELLA'S WISH_17349,47,PELLA'S WISH,17349,Moonlight Meadery Desire,375mL,4,13.99,2016-12-31
42_BLACK HOLLOW_28162,42,BLACK HOLLOW,28162,Villa Maria Chard NZ,750mL,6,12.99,2016-12-31
20_BREDWARDINE_4932,20,BREDWARDINE,4932,Arrow Ginger Brandy,750mL,15,7.99,2016-12-31
22_SHARNWICK_5536,22,SHARNWICK,5536,St Brendans Irish Cream,50mL,122,1.49,2016-12-31
33_HORNSEY_2844,33,HORNSEY,2844,Diplome Dry Gin,750mL,6,25.99,2016-12-31
60_IRRAGIN_7221,60,IRRAGIN,7221,M & R Sweet Vermouth,1.5L,17,10.49,2016-12-31
72_HARDERSFIELD_8218,72,HARDERSFIELD,8218,Camarena Reposado Tequila,1.75L,9,31.99,2016-12-31
68_SOLARIS_1065,68,SOLARIS,1065,DiSaronno 3/50mls Pack,50mL 3 Pk,3,12.99,2016-12-31
47_PELLA'S WISH_35918,47,PELLA'S WISH,35918,Stone Cellars Pnt Grigio,1.5L,22,14.99,2016-12-31
15_WANBORNE_8173,15,WANBORNE,8173,Amarula Cream Liqueur,750mL,23,19.99,2016-12-31
42_BLACK HOLLOW_4267,42,BLACK HOLLOW,4267,Bacardi Limon Rum,1.75L,17,19.99,2016-12-31
54_GUTHRAM_21101,54,GUTHRAM,21101,Niner Twisted Spur 10 Red,750mL,6,17.99,2016-12-31
55_DRY GULCH_6862,55,DRY GULCH,6862,Vecchia Romagna Nera Brandy,750mL,16,27.99,2016-12-31
2_ASHBORNE_19357,2,ASHBORNE,19357,Kendall Jackson Vntnr Rsv Ch,375mL,12,5.99,2016-12-31
44_PORTHCRAWL_2435,44,PORTHCRAWL,2435,Crown Royal RSV,750mL,12,38.99,2016-12-31
76_DONCASTER_5401,76,DONCASTER,5401,Jagermeister Liqueur,200mL,41,4.99,2016-12-31
41_LARNWICK_2331,41,LARNWICK,2331,Black Bottle Scotch,750mL,5,29.99,2016-12-31
69_MOUNTMEND_23350,69,MOUNTMEND,23350,Lapierre Raisins 14 Gaulois,750mL,20,13.99,2016-12-31
7_STANMORE_3595,7,STANMORE,3595,Smirnoff Blue 100 Proof,750mL,10,15.99,2016-12-31
66_EANVERNESS_3532,66,EANVERNESS,3532,Milagro Reposado Tequila,750mL,13,25.99,2016-12-31
9_BLACKPOOL_4368,9,BLACKPOOL,4368,Capt Morgan Private Stock,1.75L,21,34.99,2016-12-31
75_BARNCOMBE_15428,75,BARNCOMBE,15428,Ruffino Prosecco Sparkling,750mL,7,9.99,2016-12-31
48_NORFOLK_6565,48,NORFOLK,6565,Clos du Bois Cab Svgn N Cst,750mL,20,8.99,2016-12-31
50_MOUNTMEND_34850,50,MOUNTMEND,34850,Bargetto Chaucer's Hney Mead,750mL,18,12.99,2016-12-31
10_HORNSEY_8339,10,HORNSEY,8339,The Glenlivet 12 Yr Single,750mL,29,42.99,2016-12-31
6_GOULCREST_889,6,GOULCREST,889,DeKuyper Sour Apple Pucker,Liter,24,8.99,2016-12-31
30_CULCHETH_463,30,CULCHETH,463,Kirk & Sweeney 12Yr Old Rum,750mL,8,33.99,2016-12-31
50_MOUNTMEND_10596,50,MOUNTMEND,10596,Almaden Mt Rhine Calif B/B,5L,14,14.99,2016-12-31
27_MOUNTMEND_17814,27,MOUNTMEND,17814,Ruffino Chianti Clsc Rsv Gld,750mL,15,34.99,2016-12-31
27_MOUNTMEND_8159,27,MOUNTMEND,8159,Jose Cuervo Especial,1.75L,68,26.99,2016-12-31
53_HILLFAR_3210,53,HILLFAR,3210,Smirnoff Sourced Pineapple,50mL,120,0.99,2016-12-31
61_AETHELNEY_1095,61,AETHELNEY,1095,Southern Comfort w/Shaker,750mL,8,13.99,2016-12-31
68_SOLARIS_23360,68,SOLARIS,23360,Ninety+Cellars Lot 35 Tempo,750mL,3,10.99,2016-12-31
6_GOULCREST_36524,6,GOULCREST,36524,Ch de Ribebon Brdx,750mL,13,14.99,2016-12-31
55_DRY GULCH_8452,55,DRY GULCH,8452,Cruzan Aged Light Rum,1.75L,20,16.99,2016-12-31
1_HARDERSFIELD_5962,1,HARDERSFIELD,5962,Vermont Ice Maple Creme,750mL,27,24.99,2016-12-31
14_BROMWICH_536,14,BROMWICH,536,Svedka Cherry Vodka,Liter,11,12.99,2016-12-31
74_PAENTMARWY_26514,74,PAENTMARWY,26514,Villa Jolanda Prosecco,1.5L,3,28.99,2016-12-31
71_CLARCTON_10357,71,CLARCTON,10357,Gnarly Head Chard Cal,750mL,7,7.99,2016-12-31
26_KNIFE'S EDGE_34460,26,KNIFE'S EDGE,34460,Dr Loosen Rsl 'Dr L' M,750mL,7,12.99,2016-12-31
15_WANBORNE_19970,15,WANBORNE,19970,Ch Ducru Beaucallou 10,750mL,12,399.99,2016-12-31
74_PAENTMARWY_33028,74,PAENTMARWY,33028,Rombauer Cab Svgn Napa,750mL,10,49.99,2016-12-31
10_HORNSEY_6280,10,HORNSEY,6280,Penfolds Koonunga Hill Chard,750mL,24,14.99,2016-12-31
54_GUTHRAM_523,54,GUTHRAM,523,Castello Del Poggio Moscato,750mL,6,9.99,2016-12-31
1_HARDERSFIELD_18593,1,HARDERSFIELD,18593,Barefoot Bubbly Red Moscato,750mL,15,9.99,2016-12-31
60_IRRAGIN_12220,60,IRRAGIN,12220,Angeline Pnt Nr,750mL,27,9.99,2016-12-31
74_PAENTMARWY_23973,74,PAENTMARWY,23973,Catena RSV Cab Svgn,750mL,11,16.99,2016-12-31
5_SUTTON_33038,5,SUTTON,33038,Beringer Fndrs Est Chard,1.5L,5,18.99,2016-12-31
3_HORNSEY_44854,3,HORNSEY,44854,Duckhorn Merlot Napa,750mL,5,49.99,2016-12-31
34_PITMERDEN_45240,34,PITMERDEN,45240,Nino Franco Prosecco Rustic,750mL,10,18.99,2016-12-31
38_GOULCREST_7994,38,GOULCREST,7994,Stock Italian Sweet Vermouth,1.5L,31,9.99,2016-12-31
26_KNIFE'S EDGE_1725,26,KNIFE'S EDGE,1725,Ole Smoky White Lightnin',750mL,7,18.99,2016-12-31
52_GRAYCOTT_39384,52,GRAYCOTT,39384,F Coppola Diamond Pnt Nr,750mL,19,16.99,2016-12-31
14_BROMWICH_6402,14,BROMWICH,6402,Avion Silver Tequila,750mL,8,44.99,2016-12-31
71_CLARCTON_8730,71,CLARCTON,8730,Ruffino Orvieto Clsc,750mL,12,7.99,2016-12-31
74_PAENTMARWY_19320,74,PAENTMARWY,19320,Merriam Danielle Svgn Bl RRV,750mL,23,16.99,2016-12-31
56_BEGGAR'S HOLE_7977,56,BEGGAR'S HOLE,7977,M & R X Dry Vermouth,1.5L,7,10.49,2016-12-31
48_NORFOLK_5401,48,NORFOLK,5401,Jagermeister Liqueur,200mL,63,4.99,2016-12-31
63_SWORDBREAK_4251,63,SWORDBREAK,4251,Havana Club Anejo Clsco Gold,50mL,96,0.99,2016-12-31
76_DONCASTER_23411,76,DONCASTER,23411,Gloria Ferrer Royal Cuvee,750mL,2,26.99,2016-12-31
29_AYLESBURY_16669,29,AYLESBURY,16669,Sweet Baby Vyds Blueberry,750mL,11,12.99,2016-12-31
73_DONCASTER_3736,73,DONCASTER,3736,Smirnoff Cherry Vodka,750mL,14,10.99,2016-12-31
10_HORNSEY_44719,10,HORNSEY,44719,Cavit Prosecco Lunetta,750mL,31,9.99,2016-12-31
44_PORTHCRAWL_12227,44,PORTHCRAWL,12227,Korbel Sweet Rose,750mL,14,12.99,2016-12-31
75_BARNCOMBE_2889,75,BARNCOMBE,2889,Buchanans Deluxe 12Yr Scotch,750mL,6,29.99,2016-12-31
50_MOUNTMEND_27288,50,MOUNTMEND,27288,Gemma di Luna Sprkl Moscato,750mL,23,11.99,2016-12-31
20_BREDWARDINE_2899,20,BREDWARDINE,2899,Laphroiag Select Single Malt,750mL,4,44.99,2016-12-31
1_HARDERSFIELD_8897,1,HARDERSFIELD,8897,Moet & Chandon Brut Imprl Ro,750mL,25,49.99,2016-12-31
74_PAENTMARWY_10625,74,PAENTMARWY,10625,Querceto Il Sole Alessandro,750mL,5,66.99,2016-12-31
46__4368,46,,4368,Capt Morgan Private Stock,1.75L,0,34.99,2016-12-31
32_MOUNTMEND_3870,32,MOUNTMEND,3870,Montelobos Mezcal,750mL,3,36.99,2016-12-31
27_MOUNTMEND_5877,27,MOUNTMEND,5877,Ryans Irish Cream,50mL,123,0.99,2016-12-31
56_BEGGAR'S HOLE_8369,56,BEGGAR'S HOLE,8369,Pernod Anise Liqueur,750mL,4,33.99,2016-12-31
61_AETHELNEY_22027,61,AETHELNEY,22027,Jacobs Crk Cab Svgn,750mL,12,5.99,2016-12-31
56_BEGGAR'S HOLE_21752,56,BEGGAR'S HOLE,21752,Flag Hill Cayuga White,750mL,14,12.99,2016-12-31
19_WINTERVALE_4829,19,WINTERVALE,4829,Mr Boston Blackberry Brandy,1.75L,16,13.99,2016-12-31
33_HORNSEY_27013,33,HORNSEY,27013,Bouchard Aine & Fils Fixin,750mL,8,39.99,2016-12-31
6_GOULCREST_497,6,GOULCREST,497,Capt Morgan Spiced Rum,Liter,59,19.99,2016-12-31
21_BALERNO_18134,21,BALERNO,18134,Joel Gott Grenache,750mL,6,13.99,2016-12-31
10_HORNSEY_17292,10,HORNSEY,17292,Defesa Rose Alentejo,750mL,9,12.99,2016-12-31
34_PITMERDEN_3595,34,PITMERDEN,3595,Smirnoff Blue 100 Proof,750mL,12,15.99,2016-12-31
63_SWORDBREAK_34460,63,SWORDBREAK,34460,Dr Loosen Rsl 'Dr L' M,750mL,2,12.99,2016-12-31
71_CLARCTON_4195,71,CLARCTON,4195,Calico Jack Spiced Rum No 94,750mL,8,10.99,2016-12-31
60_IRRAGIN_5311,60,IRRAGIN,5311,Amaretto DiSaronno,1.75L,6,34.99,2016-12-31
27_MOUNTMEND_8424,27,MOUNTMEND,8424,1800 Coconut Tequila,750mL,15,22.99,2016-12-31
41_LARNWICK_15146,41,LARNWICK,15146,Achaval Ferrer Malbec,750mL,8,18.99,2016-12-31
12_LEESIDE_6096,12,LEESIDE,6096,Kinky Blue Liqueur,750mL,14,16.99,2016-12-31
76_DONCASTER_8741,76,DONCASTER,8741,J Drouhin Chablis,750mL,19,24.99,2016-12-31
23_ARBINGTON_6542,23,ARBINGTON,6542,Melini Borghi D'Elsa Chiant,750mL,4,6.99,2016-12-31
70_KELD_8627,70,KELD,8627,Jadot Beaujolais Villages,750mL,24,7.98,2016-12-31
34_PITMERDEN_43937,34,PITMERDEN,43937,Jaboulet Hrmtg Chapelle,750mL,6,237.99,2016-12-31
48_NORFOLK_8064,48,NORFOLK,8064,Canadian Club,50mL,261,0.99,2016-12-31
79_BALLYMENA_34134,79,BALLYMENA,34134,Turning Leaf RSV Chard Cal,1.5L,12,10.99,2016-12-31
66_EANVERNESS_2598,66,EANVERNESS,2598,Firefly Apple Pie Moonshine,750mL,13,16.99,2016-12-31
74_PAENTMARWY_39600,74,PAENTMARWY,39600,R M Woodbridge Merlot Cal,187mL 4 Pk,27,6.99,2016-12-31
50_MOUNTMEND_29212,50,MOUNTMEND,29212,R Mondavi Merlot Pvt Sel,750mL,89,8.99,2016-12-31
72_HARDERSFIELD_34133,72,HARDERSFIELD,34133,Turning Leaf RSV Cab Svgn,1.5L,22,10.99,2016-12-31
66_EANVERNESS_4383,66,EANVERNESS,4383,Bacardi Pineapple Fusion Trv,750mL,26,9.99,2016-12-31
10_HORNSEY_39750,10,HORNSEY,39750,Red Diamond Merlot Wash,750mL,15,8.99,2016-12-31
24_PALPERROTH_5230,24,PALPERROTH,5230,Bacardi Party Drinks Bahama,1.75L,11,15.99,2016-12-31
58_HARTLEPOOL_5298,58,HARTLEPOOL,5298,Southern Comfort 100 Proof,750mL,6,16.99,2016-12-31
26_KNIFE'S EDGE_6983,26,KNIFE'S EDGE,6983,J Lohr Seven Oaks Cab Svgn,750mL,16,14.99,2016-12-31
50_MOUNTMEND_23632,50,MOUNTMEND,23632,Firesteed Wines Rose Pnt Nr,750mL,10,15.99,2016-12-31
18_FURNESS_1174,18,FURNESS,1174,Rebel Yell,1.75L,5,19.99,2016-12-31
5_SUTTON_6567,5,SUTTON,6567,Clos du Bois Merlot N Cst,750mL,17,8.99,2016-12-31
33_HORNSEY_495,33,HORNSEY,495,Sweet Carolina Sweet Tea Vdk,Liter,10,15.99,2016-12-31
58_HARTLEPOOL_33682,58,HARTLEPOOL,33682,R Mondavi Priv Slctn Cab Svg,1.5L,7,20.99,2016-12-31
44_PORTHCRAWL_3214,44,PORTHCRAWL,3214,Ciroc Mango Vodka,750mL,10,24.99,2016-12-31
52_GRAYCOTT_4670,52,GRAYCOTT,4670,Bacardi Dragon Berry Rum,375mL,3,3.99,2016-12-31
23_ARBINGTON_31573,23,ARBINGTON,31573,Martin/Weyrich Moscato Alleg,750mL,11,9.99,2016-12-31
49_GARIGILL_34635,49,GARIGILL,34635,Riunite Lambrusco Rose,1.5L,10,8.99,2016-12-31
67_EANVERNESS_24301,67,EANVERNESS,24301,Mija Sangria,750mL,23,9.99,2016-12-31
52_GRAYCOTT_15105,52,GRAYCOTT,15105,Kendall Jackson Avant Chard,750mL,16,9.99,2016-12-31
23_ARBINGTON_35471,23,ARBINGTON,35471,R M Woodbridge Pnt Grigio,750mL,27,7.99,2016-12-31
68_SOLARIS_2051,68,SOLARIS,2051,Glenrothes Bourbon Cask Rsv,750mL,0,49.99,2016-12-31
9_BLACKPOOL_4251,9,BLACKPOOL,4251,Havana Club Anejo Clsco Gold,50mL,99,0.99,2016-12-31
1_HARDERSFIELD_1038,1,HARDERSFIELD,1038,1800 Silver w/ Shot Glasses,750mL,3,21.99,2016-12-31
56_BEGGAR'S HOLE_5962,56,BEGGAR'S HOLE,5962,Vermont Ice Maple Creme,750mL,6,24.99,2016-12-31
33_HORNSEY_3773,33,HORNSEY,3773,General John Stark Vodka,750mL,5,32.99,2016-12-31
50_MOUNTMEND_2436,50,MOUNTMEND,2436,Crown Royal,375mL,45,14.99,2016-12-31
18_FURNESS_10723,18,FURNESS,10723,R M Woodbridge Chard,1.5L,12,8.99,2016-12-31
2_ASHBORNE_6859,2,ASHBORNE,6859,C Y Toro Frontera Chard,1.5L,71,10.99,2016-12-31
67_EANVERNESS_8092,67,EANVERNESS,8092,Johnnie Walker Red Label,50mL,68,2.29,2016-12-31
72_HARDERSFIELD_8273,72,HARDERSFIELD,8273,El Mayor Reposado Tequila,750mL,6,21.99,2016-12-31
69_MOUNTMEND_25506,69,MOUNTMEND,25506,B Doon The Heart Has Rieslin,750mL,2,7.99,2016-12-31
17_OLDHAM_4478,17,OLDHAM,4478,Myers Original Dark Rum,750mL,7,17.99,2016-12-31
29_AYLESBURY_4291,29,AYLESBURY,4291,Ronrico Gold,1.75L,5,12.99,2016-12-31
43_WOLFORD_40098,43,WOLFORD,40098,Black Box Merlot Cal,3L,0,18.99,2016-12-31
64_CESTERFIELD_34014,64,CESTERFIELD,34014,Hess Collection Cab S Mt Vee,750mL,6,59.99,2016-12-31
60_IRRAGIN_2204,60,IRRAGIN,2204,Bowmore 25 Yr Single Malt,750mL,6,429.99,2016-12-31
30_CULCHETH_20855,30,CULCHETH,20855,Cockburns Special RSV,750mL,18,12.99,2016-12-31
9_BLACKPOOL_39356,9,BLACKPOOL,39356,Bota Box Chard Cal,3L,11,17.99,2016-12-31
62_KILMARNOCK_46764,62,KILMARNOCK,46764,Clayhouse Adobe Red Paso Rbl,750mL,16,11.99,2016-12-31
34_PITMERDEN_24829,34,PITMERDEN,24829,Cecchi Chianti Classico,750mL,68,11.99,2016-12-31
27_MOUNTMEND_25774,27,MOUNTMEND,25774,Ch Tourril Panatella Red,750mL,54,7.99,2016-12-31
50_MOUNTMEND_1135,50,MOUNTMEND,1135,Rebel Reserve Bourbon,750mL,47,19.99,2016-12-31
34_PITMERDEN_22326,34,PITMERDEN,22326,Saved Red,750mL,30,19.99,2016-12-31
19_WINTERVALE_8464,19,WINTERVALE,8464,Ch de Montfort Vouvray,750mL,9,14.99,2016-12-31
67_EANVERNESS_8369,67,EANVERNESS,8369,Pernod Anise Liqueur,750mL,32,33.99,2016-12-31
79_BALLYMENA_2986,79,BALLYMENA,2986,Hibiki Harmony Japan Whiskey,750mL,8,69.99,2016-12-31
50_MOUNTMEND_22572,50,MOUNTMEND,22572,Freeman Vyd Pnt Nr RRV,750mL,9,44.99,2016-12-31
42_BLACK HOLLOW_1389,42,BLACK HOLLOW,1389,Makers Mark,50mL,16,2.99,2016-12-31
64_CESTERFIELD_7868,64,CESTERFIELD,7868,Mumm Cordon Rouge Brut,750mL,3,34.99,2016-12-31
55_DRY GULCH_23334,55,DRY GULCH,23334,Ch Lalande Borie 11 Julien,750mL,3,31.99,2016-12-31
81_PEMBROKE_7282,81,PEMBROKE,7282,Colombo Marsala Sweet,750mL,23,9.99,2016-12-31
76_DONCASTER_22958,76,DONCASTER,22958,Cavit Select Red Blend,750mL,3,8.99,2016-12-31
73_DONCASTER_24829,73,DONCASTER,24829,Cecchi Chianti Classico,750mL,160,11.99,2016-12-31
11_CARDEND_38369,11,CARDEND,38369,Oyster Bay Pnt Nr Marlboro,750mL,15,14.99,2016-12-31
31_HORNSEY_8441,31,HORNSEY,8441,Baileys Irish Cream,375mL,8,12.99,2016-12-31
51_ABERDEEN_5105,51,ABERDEEN,5105,Dr McGillicuddy's Mentholmnt,1.75L,4,19.99,2016-12-31
69_MOUNTMEND_90088,69,MOUNTMEND,90088,Ch Le Petite Mouton 12 Pauil,750mL,10,134.99,2016-12-31
46__35913,46,,35913,Stone Cellars Cab Svgn,1.5L,0,8.99,2016-12-31
20_BREDWARDINE_2143,20,BREDWARDINE,2143,Canadian Mist,1.75L,26,13.99,2016-12-31
20_BREDWARDINE_2155,20,BREDWARDINE,2155,McClelland Islay Single Malt,1.75L,8,35.99,2016-12-31
13_TARMSWORTH_2522,13,TARMSWORTH,2522,The Macallan 10 Yr Fine Oak,750mL,12,49.99,2016-12-31
34_PITMERDEN_37310,34,PITMERDEN,37310,Salmon Run Coho Red NY,750mL,8,9.99,2016-12-31
72_HARDERSFIELD_1758,72,HARDERSFIELD,1758,Aberlour Glenlivet 12 Yr,750mL,1,41.99,2016-12-31
11_CARDEND_4270,11,CARDEND,4270,Brugal Anejo Rum,750mL,6,16.99,2016-12-31
21_BALERNO_3485,21,BALERNO,3485,Luksusowa Potato Vodka,1.75L,25,18.99,2016-12-31
66_EANVERNESS_2845,66,EANVERNESS,2845,Old Camp Spicy Pecan Peach W,750mL,10,19.99,2016-12-31
4_EANVERNESS_5358,4,EANVERNESS,5358,Irish Mist Honey Liqueur,750mL,8,25.99,2016-12-31
1_HARDERSFIELD_561,1,HARDERSFIELD,561,Berkshire Mtn Ice Glen Vodka,750mL,5,28.99,2016-12-31
50_MOUNTMEND_46074,50,MOUNTMEND,46074,Turning Leaf Pnt Nr RSV VDP,1.5L,10,10.99,2016-12-31
30_CULCHETH_2461,30,CULCHETH,2461,The Dubliner Irish Whiskey,750mL,18,22.99,2016-12-31
81_PEMBROKE_28580,81,PEMBROKE,28580,Silverado Chard,750mL,21,24.99,2016-12-31
64_CESTERFIELD_25876,64,CESTERFIELD,25876,The Dreaming Tree Svgn Bl,750mL,9,12.99,2016-12-31
17_OLDHAM_6572,17,OLDHAM,6572,Ch Greysac,750mL,4,16.99,2016-12-31
25_CAERSHIRE_5137,25,CAERSHIRE,5137,Irish Manor Irish Cream,750mL,4,9.99,2016-12-31
21_BALERNO_26330,21,BALERNO,26330,Cristom Pnt Nr Mt Jeffrson C,750mL,12,29.99,2016-12-31
71_CLARCTON_23936,71,CLARCTON,23936,"Morel Bjls-Vlgs ""Emeringes""",750mL,11,13.99,2016-12-31
74_PAENTMARWY_4283,74,PAENTMARWY,4283,Hochstadter's Slow and Low,750mL,25,21.99,2016-12-31
59_CLAETHORPES_757,59,CLAETHORPES,757,Jim Beam Rye,750mL,10,18.99,2016-12-31
15_WANBORNE_5101,15,WANBORNE,5101,Dr McGillicuddy's Mentholmnt,750mL,55,13.99,2016-12-31
51_ABERDEEN_3172,51,ABERDEEN,3172,Skyy Infusions Blood Orange,750mL,9,12.99,2016-12-31
49_GARIGILL_17814,49,GARIGILL,17814,Ruffino Chianti Clsc Rsv Gld,750mL,12,34.99,2016-12-31
70_KELD_13154,70,KELD,13154,Clayhouse Malbec Paso Robles,750mL,14,13.99,2016-12-31
39_EASTHALLOW_4380,39,EASTHALLOW,4380,Ron Virgin Heavy Bodied Rum,1.75L,42,13.99,2016-12-31
55_DRY GULCH_6206,55,DRY GULCH,6206,Midnight Moon Apple Pie,375mL,8,12.99,2016-12-31
14_BROMWICH_7393,14,BROMWICH,7393,99 Blackberries,750mL,9,11.99,2016-12-31
76_DONCASTER_5748,76,DONCASTER,5748,Trader Vics Chocolate Liquer,750mL,13,12.99,2016-12-31
32_MOUNTMEND_2461,32,MOUNTMEND,2461,The Dubliner Irish Whiskey,750mL,10,22.99,2016-12-31
11_CARDEND_42099,11,CARDEND,42099,Bota Box Pnt Grigio Cal,3L,10,17.99,2016-12-31
34_PITMERDEN_24938,34,PITMERDEN,24938,Walpole Barnett Hill Dry Wht,750mL,5,15.99,2016-12-31
60_IRRAGIN_25650,60,IRRAGIN,25650,Long Barn Chardonnay,750mL,12,10.99,2016-12-31
25_CAERSHIRE_17485,25,CAERSHIRE,17485,Barefoot Cellars Red Moscato,1.5L,3,10.99,2016-12-31
66_EANVERNESS_13805,66,EANVERNESS,13805,Neal Family Vyds Znfdl Napa,750mL,6,22.99,2016-12-31
52_GRAYCOTT_3919,52,GRAYCOTT,3919,Hornitos Reposado Tequila,375mL,2,11.49,2016-12-31
5_SUTTON_1883,5,SUTTON,1883,Seagrams 7 Crown,1.75L,24,17.99,2016-12-31
68_SOLARIS_10727,68,SOLARIS,10727,Starborough Svgn Bl Marlboro,750mL,25,9.99,2016-12-31
53_HILLFAR_5298,53,HILLFAR,5298,Southern Comfort 100 Proof,750mL,4,16.99,2016-12-31
44_PORTHCRAWL_8630,44,PORTHCRAWL,8630,Fontana Candida Frascati,750mL,13,9.99,2016-12-31
9_BLACKPOOL_8498,9,BLACKPOOL,8498,R M Woodbridge Svgn Bl Cal,1.5L,74,8.99,2016-12-31
1_HARDERSFIELD_8295,1,HARDERSFIELD,8295,E.H. Taylor Jr Small Batch,750mL,0,39.99,2016-12-31
53_HILLFAR_8475,53,HILLFAR,8475,J Roget Extra Dry,187mL,12,1.79,2016-12-31
17_OLDHAM_26684,17,OLDHAM,26684,Mark West Pnt Grigio CA,750mL,9,9.99,2016-12-31
62_KILMARNOCK_6183,62,KILMARNOCK,6183,Clos du Bois Svgn Bl N Cst,750mL,11,8.99,2016-12-31
66_EANVERNESS_21208,66,EANVERNESS,21208,Kendall Jackson Grand Rsv Ch,750mL,89,15.99,2016-12-31
11_CARDEND_3512,11,CARDEND,3512,Pinnacle Vodka,1.75L,135,15.99,2016-12-31
34_PITMERDEN_15137,34,PITMERDEN,15137,Black Stallion Chard Napa Vy,750mL,10,15.99,2016-12-31
29_AYLESBURY_2117,29,AYLESBURY,2117,Black Velvet Traveler,750mL,8,8.99,2016-12-31
74_PAENTMARWY_24453,74,PAENTMARWY,24453,Estancia Meritage,750mL,12,22.99,2016-12-31
15_WANBORNE_27503,15,WANBORNE,27503,Ch Ste Michelle Hrse Hvn Svg,750mL,8,11.99,2016-12-31
14_BROMWICH_27567,14,BROMWICH,27567,Zenato Pinot Grigio Veneto,750mL,8,10.99,2016-12-31
74_PAENTMARWY_14457,74,PAENTMARWY,14457,Scagliola Mati Barbera,750mL,9,12.99,2016-12-31
27_MOUNTMEND_23406,27,MOUNTMEND,23406,The Naked Grape Box Merlot,3L,8,15.99,2016-12-31
19_WINTERVALE_31320,19,WINTERVALE,31320,La Vieille Ferme Rose Vntoux,750mL,14,6.99,2016-12-31
34_PITMERDEN_37121,34,PITMERDEN,37121,Flag Hill Apple Cran NH,750mL,8,12.99,2016-12-31
23_ARBINGTON_36088,23,ARBINGTON,36088,Dom Poujol Rose Coteaux du,750mL,0,18.99,2016-12-31
38_GOULCREST_26802,38,GOULCREST,26802,L Aubry Fils Rose Brut 1 Cru,750mL,9,52.99,2016-12-31
73_DONCASTER_23220,73,DONCASTER,23220,Parducci Pnt Nr,750mL,34,11.99,2016-12-31
62_KILMARNOCK_12147,62,KILMARNOCK,12147,Sterling Vintners CA Meritag,750mL,17,7.99,2016-12-31
76_DONCASTER_22170,76,DONCASTER,22170,Bone Shaker Znfdl,750mL,4,21.99,2016-12-31
77_TAMWORTH_33055,77,TAMWORTH,33055,Cape Indaba Svgn Bl S Africa,750mL,13,8.99,2016-12-31
33_HORNSEY_3627,33,HORNSEY,3627,Absolut 80 Proof,375mL,22,11.99,2016-12-31
73_DONCASTER_26403,73,DONCASTER,26403,Mouton Cadet Ryder Cup Red B,750mL,93,9.99,2016-12-31
66_EANVERNESS_2241,66,EANVERNESS,2241,Death's Door Gin,750mL,8,25.99,2016-12-31
53_HILLFAR_14805,53,HILLFAR,14805,Ninety+Cellars Lot 23 Malbec,750mL,15,8.99,2016-12-31
67_EANVERNESS_35464,67,EANVERNESS,35464,Stags Leap WC Artemis Cab,750mL,141,48.99,2016-12-31
58_HARTLEPOOL_3201,58,HARTLEPOOL,3201,Plymouth Gin,750mL,5,29.99,2016-12-31
79_BALLYMENA_25537,79,BALLYMENA,25537,R Stemmler 13 Pnt Nr,750mL,11,16.99,2016-12-31
43_WOLFORD_3580,43,WOLFORD,3580,Smirnoff Orange Vodka,750mL,14,12.99,2016-12-31
5_SUTTON_4267,5,SUTTON,4267,Bacardi Limon Rum,1.75L,11,19.99,2016-12-31
7_STANMORE_20725,7,STANMORE,20725,Chronic Cellars Purple Parad,750mL,12,14.99,2016-12-31
21_BALERNO_1637,21,BALERNO,1637,Fleischmanns Preferred,1.75L,12,10.99,2016-12-31
67_EANVERNESS_13602,67,EANVERNESS,13602,Frescobaldi Mormoreto Cab Sv,750mL,10,65.99,2016-12-31
59_CLAETHORPES_8496,59,CLAETHORPES,8496,Jadot Chardonnay,750mL,13,14.99,2016-12-31
8_ALNERWICK_37656,8,ALNERWICK,37656,MacMurray Ranch Sonma Pnt Nr,750mL,5,19.99,2016-12-31
63_SWORDBREAK_34175,63,SWORDBREAK,34175,Lindemans Bin 50 Shiraz,1.5L,15,11.99,2016-12-31
5_SUTTON_2418,5,SUTTON,2418,Crown Royal Regal Apple,750mL,25,22.99,2016-12-31
29_AYLESBURY_4103,29,AYLESBURY,4103,Capt Morgan White,750mL,8,14.99,2016-12-31
53_HILLFAR_26399,53,HILLFAR,26399,Trapiche Malbec Mendoza Oak,750mL,10,7.99,2016-12-31
37_PAETHSMOUTH_38898,37,PAETHSMOUTH,38898,L Martini Cab Svgn Napa,750mL,13,29.99,2016-12-31
81_PEMBROKE_4025,81,PEMBROKE,4025,Bacardi Oakheart Spiced Rum,50mL,87,1.79,2016-12-31
38_GOULCREST_21519,38,GOULCREST,21519,Copain Monument Tree Pnt Nr,750mL,3,49.99,2016-12-31
49_GARIGILL_12343,49,GARIGILL,12343,Bota Box Znfdl,3L,6,17.99,2016-12-31
6_GOULCREST_600,6,GOULCREST,600,McCormick Gin,Liter,3,7.29,2016-12-31
15_WANBORNE_43618,15,WANBORNE,43618,Moillard CdR Violettes Rouge,750mL,3,12.99,2016-12-31
23_ARBINGTON_3368,23,ARBINGTON,3368,Pinnacle Grape Vodka,1.75L,5,15.99,2016-12-31
13_TARMSWORTH_3781,13,TARMSWORTH,3781,Three Olives Vanilla Vodka,750mL,11,11.99,2016-12-31
34_PITMERDEN_8929,34,PITMERDEN,8929,Sebastiani Chard Sonoma,750mL,14,12.99,2016-12-31
48_NORFOLK_904,48,NORFOLK,904,Malibu Rum,Liter,23,17.99,2016-12-31
54_GUTHRAM_8730,54,GUTHRAM,8730,Ruffino Orvieto Clsc,750mL,18,7.99,2016-12-31
40_BULLMAR_8599,40,BULLMAR,8599,Jenkins Amaretto,750mL,2,5.99,2016-12-31
44_PORTHCRAWL_42602,44,PORTHCRAWL,42602,3 Blind Moose Chard Cal,750mL,9,8.99,2016-12-31
47_PELLA'S WISH_3607,47,PELLA'S WISH,3607,Smirnoff Citrus Vodka,50mL,19,0.99,2016-12-31
48_NORFOLK_6755,48,NORFOLK,6755,Peter Vella Chablis B/B,5L,11,14.99,2016-12-31
70_KELD_5714,70,KELD,5714,Jose Cuervo Lime Margarita,200mL 4 Pk,5,9.99,2016-12-31
21_BALERNO_2160,21,BALERNO,2160,Nikka Coffey Malt Whisky,750mL,4,64.99,2016-12-31
21_BALERNO_20098,21,BALERNO,20098,Milestone Chard,750mL,8,8.99,2016-12-31
6_GOULCREST_8822,6,GOULCREST,8822,Absolut 80 Proof,50mL,134,1.99,2016-12-31
1_HARDERSFIELD_39764,1,HARDERSFIELD,39764,Grahams 10-Yr Tawny Port,750mL,7,27.99,2016-12-31
20_BREDWARDINE_3982,20,BREDWARDINE,3982,Hornitos Reposado Tequila,750mL,108,20.99,2016-12-31
21_BALERNO_2585,21,BALERNO,2585,Jameson Irish Whiskey,750mL,133,25.99,2016-12-31
56_BEGGAR'S HOLE_1748,56,BEGGAR'S HOLE,1748,William Grant Scotch,750mL,13,14.99,2016-12-31
59_CLAETHORPES_8057,59,CLAETHORPES,8057,Corazon de Agave Blanco,750mL,8,19.99,2016-12-31
10_HORNSEY_13792,10,HORNSEY,13792,The Wolftrap Syrah Vio Mourv,750mL,13,8.99,2016-12-31
31_HORNSEY_6651,31,HORNSEY,6651,Rocca Delle Macie Chianti C,750mL,10,11.99,2016-12-31
16_LUNDY_15428,16,LUNDY,15428,Ruffino Prosecco Sparkling,750mL,13,9.99,2016-12-31
36_LEWES_8622,36,LEWES,8622,Dom Perignon,750mL,3,139.99,2016-12-31
1_HARDERSFIELD_4368,1,HARDERSFIELD,4368,Capt Morgan Private Stock,1.75L,13,34.99,2016-12-31
75_BARNCOMBE_5444,75,BARNCOMBE,5444,E & J Superior RSV VSOP,1.75L,3,19.99,2016-12-31
8_ALNERWICK_8242,8,ALNERWICK,8242,Folonari Soave Dry White,1.5L,7,14.99,2016-12-31
71_CLARCTON_17294,71,CLARCTON,17294,Defesa Tinto Red Alentejo,750mL,4,12.99,2016-12-31
49_GARIGILL_2124,49,GARIGILL,2124,Collingwood Canadian Whisky,750mL,8,29.99,2016-12-31
77_TAMWORTH_3626,77,TAMWORTH,3626,Sauza Extra Gold Tequila,750mL,18,12.99,2016-12-31
76_DONCASTER_37926,76,DONCASTER,37926,Five Rivers Pnt Nr,750mL,19,13.99,2016-12-31
34_PITMERDEN_10870,34,PITMERDEN,10870,Bouza Tannat Las Violetas,750mL,9,18.99,2016-12-31
20_BREDWARDINE_41032,20,BREDWARDINE,41032,Folie A Deux Amador Znfdl,750mL,3,16.99,2016-12-31
13_TARMSWORTH_8506,13,TARMSWORTH,8506,Myers Original Dark Rum,1.75L,14,27.99,2016-12-31
76_DONCASTER_33587,76,DONCASTER,33587,Produttori del Barbaresco P,750mL,16,32.99,2016-12-31
17_OLDHAM_2752,17,OLDHAM,2752,Johnnie Walker Black Label,750mL,7,35.99,2016-12-31
60_IRRAGIN_4734,60,IRRAGIN,4734,Capt Morgan Cannon Blast,750mL,10,14.99,2016-12-31
50_MOUNTMEND_17897,50,MOUNTMEND,17897,L'Argentier Rose d'Aramon,750mL,21,14.99,2016-12-31
70_KELD_17176,70,KELD,17176,Beringer Classic Chard,1.5L,8,7.99,2016-12-31
67_EANVERNESS_11440,67,EANVERNESS,11440,Peter Vella Sangria B/B,5L,13,14.99,2016-12-31
73_DONCASTER_13694,73,DONCASTER,13694,MacMurray Ranch Chard Sonoma,750mL,20,15.99,2016-12-31
67_EANVERNESS_3654,67,EANVERNESS,3654,Patron Reposado Tequila,750mL,73,53.99,2016-12-31
64_CESTERFIELD_24418,64,CESTERFIELD,24418,Hidlago Panesa Fino Sherry,750mL,8,13.99,2016-12-31
57_LANTEGLOS_4488,57,LANTEGLOS,4488,Zhenka Tropical Dark Rum,1.75L,14,11.49,2016-12-31
77_TAMWORTH_5087,77,TAMWORTH,5087,Dr McGillicuddy's Peach,750mL,48,13.99,2016-12-31
81_PEMBROKE_21573,81,PEMBROKE,21573,Casal Garcia Vinho Verde Ros,750mL,24,7.99,2016-12-31
5_SUTTON_3728,5,SUTTON,3728,Absolut Citron,1.75L,6,24.99,2016-12-31
23_ARBINGTON_40051,23,ARBINGTON,40051,Concannon Select Vyds Pnt Nr,750mL,14,7.99,2016-12-31
50_MOUNTMEND_23270,50,MOUNTMEND,23270,Campo Viejo Gr Cava Brut Rsv,750mL,35,9.99,2016-12-31
81_PEMBROKE_13614,81,PEMBROKE,13614,Acrobat Pnt Nr Ore,750mL,36,18.99,2016-12-31
73_DONCASTER_25550,73,DONCASTER,25550,Alisios Tempranillo Touriga,750mL,17,9.99,2016-12-31
34_PITMERDEN_3987,34,PITMERDEN,3987,Smirnoff Peppermint Twist,750mL,42,10.99,2016-12-31
23_ARBINGTON_37126,23,ARBINGTON,37126,Girard Chard RRV,750mL,8,17.99,2016-12-31
76_DONCASTER_46489,76,DONCASTER,46489,Eppa Red Sangria Organic,750mL,11,10.99,2016-12-31
65_LUTON_35976,65,LUTON,35976,Zeller Schwarze Rsl Valcknbg,750mL,9,9.99,2016-12-31
58_HARTLEPOOL_19376,58,HARTLEPOOL,19376,The Naked Grape Pnt Grigio,3L,7,15.99,2016-12-31
67_EANVERNESS_23360,67,EANVERNESS,23360,Ninety+Cellars Lot 35 Tempo,750mL,26,10.99,2016-12-31
25_CAERSHIRE_38950,25,CAERSHIRE,38950,Corvo Sicily Nero D'Avola,750mL,17,9.99,2016-12-31
33_HORNSEY_18096,33,HORNSEY,18096,Bolla Amarone Valpolicella,750mL,5,31.99,2016-12-31
9_BLACKPOOL_3276,9,BLACKPOOL,3276,Gordons London Dry,1.75L,46,14.99,2016-12-31
30_CULCHETH_5111,30,CULCHETH,5111,Dr McGillicuddy's Mentholmnt,50mL,122,0.99,2016-12-31
4_EANVERNESS_45822,4,EANVERNESS,45822,Masciarelli Montepulciano,750mL,53,9.95,2016-12-31
53_HILLFAR_2841,53,HILLFAR,2841,High West Double Rye Whiskey,750mL,4,29.99,2016-12-31
71_CLARCTON_33767,71,CLARCTON,33767,Sensi Chianti DOCG,750mL,5,11.99,2016-12-31
69_MOUNTMEND_932,69,MOUNTMEND,932,Robert Sinskey Marcien Red,750mL,6,99.99,2016-12-31
81_PEMBROKE_46764,81,PEMBROKE,46764,Clayhouse Adobe Red Paso Rbl,750mL,28,11.99,2016-12-31
66_EANVERNESS_35480,66,EANVERNESS,35480,Prinz Salm Der Weib,750mL,0,19.99,2016-12-31
15_WANBORNE_6755,15,WANBORNE,6755,Peter Vella Chablis B/B,5L,8,14.99,2016-12-31
76_DONCASTER_6651,76,DONCASTER,6651,Rocca Delle Macie Chianti C,750mL,6,11.99,2016-12-31
30_CULCHETH_42399,30,CULCHETH,42399,Grayson Cellars Cab Svgn Pas,750mL,35,9.99,2016-12-31
17_OLDHAM_2668,17,OLDHAM,2668,Dewars White Label,375mL,0,13.99,2016-12-31
67_EANVERNESS_40054,67,EANVERNESS,40054,Campo Viejo Tempranillo RSV,750mL,10,11.99,2016-12-31
50_MOUNTMEND_22662,50,MOUNTMEND,22662,Trefethen Chard Napa,750mL,14,32.99,2016-12-31
66_EANVERNESS_23756,66,EANVERNESS,23756,Ch La Mission 12 Haut Brion,750mL,7,331.99,2016-12-31
55_DRY GULCH_27100,55,DRY GULCH,27100,La Maialina Gilfredo Verment,750mL,1,12.99,2016-12-31
73_DONCASTER_6483,73,DONCASTER,6483,Fetzer Wh Znfdl Cal,750mL,19,11.99,2016-12-31
64_CESTERFIELD_8696,64,CESTERFIELD,8696,Gekkeikan Plum Wine,750mL,11,10.99,2016-12-31
54_GUTHRAM_3726,54,GUTHRAM,3726,Gilbeys Vodka Traveler,750mL,12,4.99,2016-12-31
78_EASTHAVEN_8050,78,EASTHAVEN,8050,Absolut Mandrin,750mL,9,17.99,2016-12-31
17_OLDHAM_7996,17,OLDHAM,7996,Stock Italian Sweet Vermouth,750mL,1,5.49,2016-12-31
59_CLAETHORPES_19989,59,CLAETHORPES,19989,Querceto Sangiovese,750mL,0,6.99,2016-12-31
74_PAENTMARWY_22174,74,PAENTMARWY,22174,QM Alvarinho White,750mL,14,21.99,2016-12-31
48_NORFOLK_2690,48,NORFOLK,2690,Black Velvet Reserve,750mL,11,9.99,2016-12-31
34_PITMERDEN_12946,34,PITMERDEN,12946,Middle Sister Smarty Pants C,750mL,10,9.99,2016-12-31
37_PAETHSMOUTH_3237,37,PAETHSMOUTH,3237,Firefly Sweet Tea Vodka,1.75L,6,23.99,2016-12-31
44_PORTHCRAWL_6869,44,PORTHCRAWL,6869,Benziger Chard,750mL,64,10.99,2016-12-31
50_MOUNTMEND_25808,50,MOUNTMEND,25808,Edna Valley Chard,750mL,35,11.99,2016-12-31
33_HORNSEY_26994,33,HORNSEY,26994,Frank Family Vyds Chard,750mL,7,35.99,2016-12-31
5_SUTTON_8107,5,SUTTON,8107,Wild Turkey 101,1.75L,6,34.99,2016-12-31
61_AETHELNEY_19507,61,AETHELNEY,19507,Geyser Peak Svgn Bl,750mL,35,8.99,2016-12-31
1_HARDERSFIELD_2734,1,HARDERSFIELD,2734,Nikka Pure Malt Whiskey,750mL,9,68.99,2016-12-31
38_GOULCREST_43245,38,GOULCREST,43245,Sterling Vntrs Pnt Grigio,750mL,20,9.99,2016-12-31
24_PALPERROTH_42413,24,PALPERROTH,42413,R M Woodbridge Rsl,1.5L,10,8.99,2016-12-31
74_PAENTMARWY_1489,74,PAENTMARWY,1489,Crown Royal Cornerstone Blnd,750mL,5,59.99,2016-12-31
6_GOULCREST_8609,6,GOULCREST,8609,Duboeuf Beaujolais Villages,750mL,12,12.99,2016-12-31
23_ARBINGTON_19662,23,ARBINGTON,19662,Santa Rita 120 Svgn Bl,750mL,25,5.99,2016-12-31
20_BREDWARDINE_1848,20,BREDWARDINE,1848,Oban Little Bay Single Malt,750mL,0,59.99,2016-12-31
20_BREDWARDINE_1379,20,BREDWARDINE,1379,Jim Beam Traveler,750mL,16,16.99,2016-12-31
50_MOUNTMEND_3818,50,MOUNTMEND,3818,Cabo Wabo Blanco Tequila,750mL,39,29.99,2016-12-31
70_KELD_2630,70,KELD,2630,Old Pulteney Single Malt Sc,750mL,7,37.99,2016-12-31
6_GOULCREST_7728,6,GOULCREST,7728,Great Western X Dry,750mL,5,9.99,2016-12-31
17_OLDHAM_8369,17,OLDHAM,8369,Pernod Anise Liqueur,750mL,3,33.99,2016-12-31
39_EASTHALLOW_42118,39,EASTHALLOW,42118,Jewell Towne Seyval NH,750mL,23,10.49,2016-12-31
78_EASTHAVEN_16314,78,EASTHAVEN,16314,Line 39 Chard,750mL,9,9.99,2016-12-31
39_EASTHALLOW_1065,39,EASTHALLOW,1065,DiSaronno 3/50mls Pack,50mL 3 Pk,2,12.99,2016-12-31
10_HORNSEY_3107,10,HORNSEY,3107,Don Julio 70th Anniversary,750mL,6,66.99,2016-12-31
7_STANMORE_6478,7,STANMORE,6478,C Y Toro Frontera Merlot,1.5L,4,10.99,2016-12-31
19_WINTERVALE_11196,19,WINTERVALE,11196,Angelini Pnt Grigio Veneto,750mL,61,9.99,2016-12-31
48_NORFOLK_3919,48,NORFOLK,3919,Hornitos Reposado Tequila,375mL,16,11.49,2016-12-31
50_MOUNTMEND_26866,50,MOUNTMEND,26866,Thunevin Calvet L'Amourette,750mL,11,17.99,2016-12-31
59_CLAETHORPES_35318,59,CLAETHORPES,35318,Jewell Towne Marechal Foch,750mL,17,11.49,2016-12-31
67_EANVERNESS_5491,67,EANVERNESS,5491,Rumpleminze,50mL,67,1.99,2016-12-31
61_AETHELNEY_43808,61,AETHELNEY,43808,R M Woodbridge Pnt Nr Cal,750mL,11,7.99,2016-12-31
50_MOUNTMEND_16460,50,MOUNTMEND,16460,Gerard Bertrand Pnt Nr Rsv,750mL,17,13.99,2016-12-31
41_LARNWICK_35393,41,LARNWICK,35393,Tohu Svgn Bl Marlboro,750mL,35,13.99,2016-12-31
75_BARNCOMBE_3346,75,BARNCOMBE,3346,Nautical Gin,750mL,6,27.99,2016-12-31
23_ARBINGTON_6385,23,ARBINGTON,6385,Fetzer Sundial Chard,1.5L,19,11.99,2016-12-31
31_HORNSEY_4269,31,HORNSEY,4269,Calico Jack Spiced Rum,1.75L,11,11.99,2016-12-31
39_EASTHALLOW_5653,39,EASTHALLOW,5653,Kahlua Cinnamon Spice,750mL,7,19.99,2016-12-31
34_PITMERDEN_16310,34,PITMERDEN,16310,Mollydooker Scooter Merlot,750mL,28,25.99,2016-12-31
50_MOUNTMEND_41377,50,MOUNTMEND,41377,Torres Sangre de Toro Catal,750mL,12,9.99,2016-12-31
59_CLAETHORPES_2655,59,CLAETHORPES,2655,James Oliver Rye Whisky,750mL,4,29.99,2016-12-31
9_BLACKPOOL_27233,9,BLACKPOOL,27233,Turning Leaf RSV Merlot Cal,750mL,14,5.99,2016-12-31
70_KELD_2245,70,KELD,2245,Duke Kentucky Bourbon,750mL,14,39.99,2016-12-31
38_GOULCREST_46453,38,GOULCREST,46453,Mason Clrs Svgn Bl Pomelo,750mL,55,12.99,2016-12-31
58_HARTLEPOOL_3405,58,HARTLEPOOL,3405,Tito's Handmade Vodka,1.75L,25,28.99,2016-12-31
33_HORNSEY_4138,33,HORNSEY,4138,Sea Hagg Amber Rum,750mL,3,27.99,2016-12-31
35_HALIVAARA_3781,35,HALIVAARA,3781,Three Olives Vanilla Vodka,750mL,12,11.99,2016-12-31
41_LARNWICK_13979,41,LARNWICK,13979,Jos Phelps Pnt Nr,750mL,20,34.99,2016-12-31
77_TAMWORTH_8654,77,TAMWORTH,8654,M & R Sweet Vermouth,375mL,24,5.29,2016-12-31
46__857,46,,857,Kahlua,Liter,0,22.99,2016-12-31
64_CESTERFIELD_17340,64,CESTERFIELD,17340,Chops & Burgers Bordeaux,750mL,16,9.99,2016-12-31
56_BEGGAR'S HOLE_27042,56,BEGGAR'S HOLE,27042,Luna di Luna Chard/Pnt Grigo,750mL,12,9.99,2016-12-31
78_EASTHAVEN_4414,78,EASTHAVEN,4414,Cruzan Pineapple Rum,750mL,8,9.99,2016-12-31
22_SHARNWICK_39254,22,SHARNWICK,39254,Las Rocas Garnacha San Alej,750mL,13,11.99,2016-12-31
6_GOULCREST_2494,6,GOULCREST,2494,Crown Royal Regal Apple,1.75L,3,46.99,2016-12-31
60_IRRAGIN_10895,60,IRRAGIN,10895,Schmitt Sohne Relax Mosel,1.5L,12,22.99,2016-12-31
73_DONCASTER_32796,73,DONCASTER,32796,Warre's Otima 10-Yr Tawny,500mL,31,19.99,2016-12-31
73_DONCASTER_13967,73,DONCASTER,13967,Villa Sandi Il Fresco Prosec,750mL,30,12.99,2016-12-31
59_CLAETHORPES_3769,59,CLAETHORPES,3769,Jenkins Vodka,1.75L,21,8.99,2016-12-31
1_HARDERSFIELD_25988,1,HARDERSFIELD,25988,Infamous Goose Svgn Bl,750mL,13,12.99,2016-12-31
4_EANVERNESS_27801,4,EANVERNESS,27801,Moet & Chandon Nectar Imper,750mL,5,45.99,2016-12-31
7_STANMORE_27288,7,STANMORE,27288,Gemma di Luna Sprkl Moscato,750mL,4,11.99,2016-12-31
70_KELD_2122,70,KELD,2122,Canadian Club 1858,750mL,15,10.99,2016-12-31
78_EASTHAVEN_11827,78,EASTHAVEN,11827,Cupcake Merlot,750mL,47,7.49,2016-12-31
61_AETHELNEY_388,61,AETHELNEY,388,Smirnoff 80 Proof,Liter,20,14.49,2016-12-31
51_ABERDEEN_3638,51,ABERDEEN,3638,Pinnacle Whipped,50mL,180,0.99,2016-12-31
3_HORNSEY_8691,3,HORNSEY,8691,Jose Cuervo Especial,750mL,19,15.99,2016-12-31
61_AETHELNEY_37656,61,AETHELNEY,37656,MacMurray Ranch Sonma Pnt Nr,750mL,15,19.99,2016-12-31
61_AETHELNEY_6950,61,AETHELNEY,6950,Solerno Blood Orange Liqueur,750mL,8,34.99,2016-12-31
21_BALERNO_45599,21,BALERNO,45599,Luigi Bosca RSV Cab Svgn,750mL,12,16.99,2016-12-31
52_GRAYCOTT_16806,52,GRAYCOTT,16806,Apothic Winemakers White,750mL,19,7.99,2016-12-31
22_SHARNWICK_45647,22,SHARNWICK,45647,Masciarelli Rose d'Abruzzo,750mL,12,12.99,2016-12-31
74_PAENTMARWY_7917,74,PAENTMARWY,7917,Tooters Ala-Bama Slama 15 Pk,375mL,14,8.99,2016-12-31
81_PEMBROKE_3502,81,PEMBROKE,3502,Pinnacle Vodka,750mL,47,12.99,2016-12-31
30_CULCHETH_22289,30,CULCHETH,22289,Pichot Dom Moriette Vouvray,750mL,4,14.99,2016-12-31
19_WINTERVALE_6526,19,WINTERVALE,6526,Peter Lehmann Shiraz,750mL,1,16.99,2016-12-31
36_LEWES_3283,36,LEWES,3283,New Amsterdam Apple Vodka,750mL,7,8.99,2016-12-31
11_CARDEND_3654,11,CARDEND,3654,Patron Reposado Tequila,750mL,34,53.99,2016-12-31
55_DRY GULCH_16159,55,DRY GULCH,16159,Gnarly Head Authentic Red,750mL,17,9.99,2016-12-31
41_LARNWICK_2258,41,LARNWICK,2258,Dewars Special Reserve 12 Yr,375mL,19,12.99,2016-12-31
42_BLACK HOLLOW_16179,42,BLACK HOLLOW,16179,Perrier Jouet Blason Rose,750mL,2,49.99,2016-12-31
46__25603,46,,25603,Verrazzano Chianti Clsc,750mL,0,17.99,2016-12-31
34_PITMERDEN_1893,34,PITMERDEN,1893,Port Charlotte Scotch Barley,750mL,6,59.99,2016-12-31
49_GARIGILL_38502,49,GARIGILL,38502,Ruffino Lumina Pnt Grigio,750mL,28,6.99,2016-12-31
35_HALIVAARA_104,35,HALIVAARA,104,Mr Boston Wild Cherry Brandy,Liter,13,8.79,2016-12-31
23_ARBINGTON_1379,23,ARBINGTON,1379,Jim Beam Traveler,750mL,23,16.99,2016-12-31
73_DONCASTER_36573,73,DONCASTER,36573,Matanzas Creek Svgn Bl Sonom,750mL,54,17.99,2016-12-31
27_MOUNTMEND_2859,27,MOUNTMEND,2859,Bushmills Irish Honey,750mL,0,21.99,2016-12-31
64_CESTERFIELD_41034,64,CESTERFIELD,41034,Menage a Trois Red,750mL,68,8.95,2016-12-31
35_HALIVAARA_5197,35,HALIVAARA,5197,Southern Comfort,375mL,11,7.99,2016-12-31
13_TARMSWORTH_6932,13,TARMSWORTH,6932,Santa Rita 120 Chard,750mL,7,5.99,2016-12-31
2_ASHBORNE_18010,2,ASHBORNE,18010,Cocobon Red,750mL,20,6.99,2016-12-31
42_BLACK HOLLOW_5170,42,BLACK HOLLOW,5170,Dr McGillicuddy's Apple Pie,750mL,12,13.99,2016-12-31
56_BEGGAR'S HOLE_18107,56,BEGGAR'S HOLE,18107,Barefoot Cellars Pink Moscat,750mL,10,4.99,2016-12-31
74_PAENTMARWY_6976,74,PAENTMARWY,6976,Ruffino Chianti Clsc RSV Tan,750mL,19,18.99,2016-12-31
64_CESTERFIELD_12211,64,CESTERFIELD,12211,Black Box Rsl,3L,7,18.99,2016-12-31
47_PELLA'S WISH_2675,47,PELLA'S WISH,2675,Crown Royal XO,750mL,3,44.99,2016-12-31
76_DONCASTER_25567,76,DONCASTER,25567,Saddleback Clrs 11 Cab Svgn,750mL,76,37.99,2016-12-31
81_PEMBROKE_24697,81,PEMBROKE,24697,Schmitt Sohne Relax Pink Ros,750mL,18,10.99,2016-12-31
49_GARIGILL_24119,49,GARIGILL,24119,Cecchi La Mora Vermentino,750mL,40,12.99,2016-12-31
11_CARDEND_9358,11,CARDEND,9358,KAH Reposado Tequila,750mL,2,59.99,2016-12-31
39_EASTHALLOW_10164,39,EASTHALLOW,10164,Andre Bourgogne Pnt Nr RSV,750mL,10,15.99,2016-12-31
30_CULCHETH_6983,30,CULCHETH,6983,J Lohr Seven Oaks Cab Svgn,750mL,12,14.99,2016-12-31
60_IRRAGIN_14920,60,IRRAGIN,14920,Broadbent Gruner Veltliner,Liter,7,14.99,2016-12-31
63_SWORDBREAK_37827,63,SWORDBREAK,37827,Yellow Tail Shiraz/Cab Ausl,750mL,8,7.99,2016-12-31
50_MOUNTMEND_21836,50,MOUNTMEND,21836,Merriam Pnt Nr Cuvee RRV,750mL,6,22.99,2016-12-31
2_ASHBORNE_21271,2,ASHBORNE,21271,Kentia Albarino Rias Baixas,750mL,9,13.99,2016-12-31
15_WANBORNE_25704,15,WANBORNE,25704,Murphy-Goode Chard Sonoma,750mL,19,12.99,2016-12-31
65_LUTON_24002,65,LUTON,24002,Corbett Canyon Chard,1.5L,7,8.99,2016-12-31
74_PAENTMARWY_11196,74,PAENTMARWY,11196,Angelini Pnt Grigio Veneto,750mL,13,9.99,2016-12-31
34_PITMERDEN_12116,34,PITMERDEN,12116,Lindemans Bin 85 Pnt Grigio,1.5L,5,11.99,2016-12-31
14_BROMWICH_2751,14,BROMWICH,2751,Johnnie Walker Black Label,375mL,12,19.99,2016-12-31
41_LARNWICK_13595,41,LARNWICK,13595,Palagetto Brunello d Montlcn,750mL,5,49.99,2016-12-31
37_PAETHSMOUTH_4664,37,PAETHSMOUTH,4664,Hennessy Black Cognac,750mL,11,35.99,2016-12-31
79_BALLYMENA_6451,79,BALLYMENA,6451,Columbia Crest G E Cab Svgn,750mL,22,9.99,2016-12-31
61_AETHELNEY_38898,61,AETHELNEY,38898,L Martini Cab Svgn Napa,750mL,9,29.99,2016-12-31
54_GUTHRAM_37904,54,GUTHRAM,37904,Trapiche Broquel Mndz Malbec,750mL,32,10.99,2016-12-31
35_HALIVAARA_3625,35,HALIVAARA,3625,Absolut 80 Proof,750mL,36,17.99,2016-12-31
38_GOULCREST_23860,38,GOULCREST,23860,Concannon Founder Cab Svgn,750mL,96,16.99,2016-12-31
77_TAMWORTH_10957,77,TAMWORTH,10957,Seaglass Svgn Bl Snt Barbara,750mL,11,8.99,2016-12-31
47_PELLA'S WISH_4179,47,PELLA'S WISH,4179,Bacardi Dragon Berry Rum,1.75L,5,19.99,2016-12-31
52_GRAYCOTT_24456,52,GRAYCOTT,24456,Franciscan Est Chard Napa,750mL,15,15.99,2016-12-31
57_LANTEGLOS_7423,57,LANTEGLOS,7423,Manischewitz Concord Kosher,1.5L,3,7.99,2016-12-31
68_SOLARIS_5339,68,SOLARIS,5339,Drambuie,50mL,24,2.79,2016-12-31
8_ALNERWICK_11828,8,ALNERWICK,11828,Cupcake Svgn Bl,750mL,43,7.49,2016-12-31
34_PITMERDEN_24129,34,PITMERDEN,24129,Three Thieves Cab Svgn,750mL,12,7.99,2016-12-31
19_WINTERVALE_23841,19,WINTERVALE,23841,Fantini Sangiovese,750mL,12,13.99,2016-12-31
12_LEESIDE_2041,12,LEESIDE,2041,Redbreast 15 Yr Old Irish,750mL,7,89.99,2016-12-31
54_GUTHRAM_3457,54,GUTHRAM,3457,Olmeca Altos Plata Tequila,1.75L,10,34.99,2016-12-31
20_BREDWARDINE_8232,20,BREDWARDINE,8232,Riunite Lambrusco,1.5L,3,8.99,2016-12-31
45_VERITAS_6937,45,VERITAS,6937,Cavit Pinot Grigio,1.5L,25,9.99,2016-12-31
30_CULCHETH_4343,30,CULCHETH,4343,Cruzan Blueberry Lemonade,750mL,5,9.99,2016-12-31
9_BLACKPOOL_23521,9,BLACKPOOL,23521,Insurrection Cab/Shiraz,750mL,12,10.99,2016-12-31
9_BLACKPOOL_22821,9,BLACKPOOL,22821,Corvo Pnt Grigio,750mL,9,9.99,2016-12-31
14_BROMWICH_17016,14,BROMWICH,17016,Picpoul d Pinet HB Languedoc,750mL,8,12.99,2016-12-31
76_DONCASTER_3386,76,DONCASTER,3386,Skyy Infusions Cranberry,50mL,71,0.99,2016-12-31
24_PALPERROTH_4135,24,PALPERROTH,4135,Smirnoff Blueberry Vodka,50mL,235,0.99,2016-12-31
50_MOUNTMEND_39689,50,MOUNTMEND,39689,Hahn Meritage Central Coast,750mL,0,16.49,2016-12-31
15_WANBORNE_40098,15,WANBORNE,40098,Black Box Merlot Cal,3L,13,18.99,2016-12-31
78_EASTHAVEN_6828,78,EASTHAVEN,6828,Santa Rita RSV Cab Svgn,750mL,17,9.99,2016-12-31
72_HARDERSFIELD_3683,72,HARDERSFIELD,3683,Stolichnaya Ohranj,750mL,19,16.99,2016-12-31
56_BEGGAR'S HOLE_16289,56,BEGGAR'S HOLE,16289,Barefoot Bubbly Pink Moscato,750mL,43,6.95,2016-12-31
69_MOUNTMEND_3283,69,MOUNTMEND,3283,New Amsterdam Apple Vodka,750mL,111,8.99,2016-12-31
18_FURNESS_26827,18,FURNESS,26827,Cavit Merlot Trentino,1.5L,6,9.99,2016-12-31
34_PITMERDEN_25731,34,PITMERDEN,25731,Sonoma Loeb Chard Sangiacomo,750mL,5,22.99,2016-12-31
50_MOUNTMEND_12216,50,MOUNTMEND,12216,Da Vinci Pnt Grigio,750mL,17,9.99,2016-12-31
75_BARNCOMBE_3107,75,BARNCOMBE,3107,Don Julio 70th Anniversary,750mL,7,66.99,2016-12-31
54_GUTHRAM_1637,54,GUTHRAM,1637,Fleischmanns Preferred,1.75L,28,10.99,2016-12-31
40_BULLMAR_38898,40,BULLMAR,38898,L Martini Cab Svgn Napa,750mL,6,29.99,2016-12-31
6_GOULCREST_26557,6,GOULCREST,26557,King Est Pnt Gris Ore,750mL,7,18.99,2016-12-31
67_EANVERNESS_8534,67,EANVERNESS,8534,M & R Asti,375mL,6,5.99,2016-12-31
4_EANVERNESS_24003,4,EANVERNESS,24003,Corbett Canyon Cab Svgn,1.5L,9,8.99,2016-12-31
18_FURNESS_8893,18,FURNESS,8893,Yukon Jack,750mL,11,16.99,2016-12-31
71_CLARCTON_2729,71,CLARCTON,2729,Hell-Cat Maggie Irish Whisky,750mL,10,19.99,2016-12-31
35_HALIVAARA_5255,35,HALIVAARA,5255,TGI Fridays Ultimte Mudslide,1.75L,6,12.99,2016-12-31
65_LUTON_44719,65,LUTON,44719,Cavit Prosecco Lunetta,750mL,3,9.99,2016-12-31
79_BALLYMENA_3346,79,BALLYMENA,3346,Nautical Gin,750mL,7,27.99,2016-12-31
40_BULLMAR_8101,40,BULLMAR,8101,Tanqueray,50mL,78,1.99,2016-12-31
1_HARDERSFIELD_2780,1,HARDERSFIELD,2780,Bulleit 10 Yr Old Bourbon,750mL,29,39.99,2016-12-31
20_BREDWARDINE_3397,20,BREDWARDINE,3397,Ciroc Red Berry Vodka,750mL,38,24.99,2016-12-31
31_HORNSEY_4416,31,HORNSEY,4416,Cruzan Coconut Flavored Rum,750mL,9,9.99,2016-12-31
50_MOUNTMEND_6566,50,MOUNTMEND,6566,Geyser Peak Chard,750mL,27,9.99,2016-12-31
51_ABERDEEN_4502,51,ABERDEEN,4502,E & J XO Brandy,1.75L,4,21.99,2016-12-31
50_MOUNTMEND_37712,50,MOUNTMEND,37712,Sterling Vintners Cltn Syrah,750mL,0,10.99,2016-12-31
61_AETHELNEY_20400,61,AETHELNEY,20400,Ilauri Le Pinciaie 10 Red,750mL,9,13.99,2016-12-31
66_EANVERNESS_12650,66,EANVERNESS,12650,Harbor Town Svgn Bl,750mL,24,9.99,2016-12-31
15_WANBORNE_3150,15,WANBORNE,3150,Svedka Mango Pineapple Vodka,750mL,21,10.99,2016-12-31
76_DONCASTER_1734,76,DONCASTER,1734,Duggans Dew O Kirkintilloch,1.75L,26,22.99,2016-12-31
70_KELD_38898,70,KELD,38898,L Martini Cab Svgn Napa,750mL,7,29.99,2016-12-31
77_TAMWORTH_2521,77,TAMWORTH,2521,Jameson Gold Rsv,750mL,7,94.99,2016-12-31
66_EANVERNESS_43808,66,EANVERNESS,43808,R M Woodbridge Pnt Nr Cal,750mL,22,7.99,2016-12-31
5_SUTTON_28081,5,SUTTON,28081,Gandia Hoya de Cadenas RSV,750mL,13,8.99,2016-12-31
74_PAENTMARWY_27868,74,PAENTMARWY,27868,Chimney Rock Elevage SLD,750mL,5,89.99,2016-12-31
50_MOUNTMEND_46065,50,MOUNTMEND,46065,Corbett Canyon Pnt Nr,3L,16,12.99,2016-12-31
48_NORFOLK_6278,48,NORFOLK,6278,Sterling Svgn Bl,750mL,9,8.99,2016-12-31
57_LANTEGLOS_2663,57,LANTEGLOS,2663,Dewars White Label,1.75L,65,29.99,2016-12-31
67_EANVERNESS_1193,67,EANVERNESS,1193,Clynelish Cask Strgth Scotch,750mL,1,799.99,2016-12-31
47_PELLA'S WISH_3654,47,PELLA'S WISH,3654,Patron Reposado Tequila,750mL,47,53.99,2016-12-31
71_CLARCTON_1323,71,CLARCTON,1323,Early Times,1.75L,11,17.99,2016-12-31
23_ARBINGTON_2742,23,ARBINGTON,2742,Aberfeldy 12 Yr Single Malt,750mL,6,44.99,2016-12-31
14_BROMWICH_8166,14,BROMWICH,8166,Mount Gay Eclipse,750mL,9,19.99,2016-12-31
55_DRY GULCH_6256,55,DRY GULCH,6256,Sutter Home Chard,1.5L,97,9.99,2016-12-31
27_MOUNTMEND_11219,27,MOUNTMEND,11219,Josh Cellars Cab Svgn,750mL,146,12.99,2016-12-31
25_CAERSHIRE_4258,25,CAERSHIRE,4258,Bacardi Mango Fusion,750mL,17,9.99,2016-12-31
40_BULLMAR_41252,40,BULLMAR,41252,Beringer Classic Pnt Grigio,1.5L,7,7.99,2016-12-31
14_BROMWICH_8273,14,BROMWICH,8273,El Mayor Reposado Tequila,750mL,6,21.99,2016-12-31
9_BLACKPOOL_39256,9,BLACKPOOL,39256,Schmitt Sohne Relax Mosel,750mL,6,10.99,2016-12-31
32_MOUNTMEND_1730,32,MOUNTMEND,1730,La Collection NH Summer,750mL,34,29.99,2016-12-31
6_GOULCREST_3054,6,GOULCREST,3054,Smirnoff Kissed Caramel,750mL,11,10.99,2016-12-31
6_GOULCREST_5872,6,GOULCREST,5872,Godiva Chocolate Liqueur,50mL,59,2.99,2016-12-31
45_VERITAS_8450,45,VERITAS,8450,E & J Brandy VS,1.75L,6,19.99,2016-12-31
48_NORFOLK_32054,48,NORFOLK,32054,Greg Norman Lmstn Cab/Merlot,750mL,23,9.99,2016-12-31
43_WOLFORD_24088,43,WOLFORD,24088,Hess Select Cab Svgn,750mL,14,17.99,2016-12-31
78_EASTHAVEN_3183,78,EASTHAVEN,3183,Jose Cuervo Tradicional Slvr,750mL,9,20.99,2016-12-31
51_ABERDEEN_3566,51,ABERDEEN,3566,Pinnacle Raspberry,50mL,160,0.99,2016-12-31
4_EANVERNESS_5680,4,EANVERNESS,5680,Barenjager Honey Liqueur,50mL,5,1.99,2016-12-31
61_AETHELNEY_2912,61,AETHELNEY,2912,Platte Valley KY Corn Whisky,750mL,13,16.99,2016-12-31
79_BALLYMENA_8626,79,BALLYMENA,8626,Ezra Brooks,1.75L,17,15.99,2016-12-31
61_AETHELNEY_3607,61,AETHELNEY,3607,Smirnoff Citrus Vodka,50mL,107,0.99,2016-12-31
5_SUTTON_3545,5,SUTTON,3545,Ketel One Vodka,1.75L,15,29.99,2016-12-31
31_HORNSEY_523,31,HORNSEY,523,Castello Del Poggio Moscato,750mL,12,9.99,2016-12-31
44_PORTHCRAWL_2517,44,PORTHCRAWL,2517,Balvenie 14 Yr Caribean Cask,750mL,4,67.99,2016-12-31
40_BULLMAR_5076,40,BULLMAR,5076,M Duffau Napoleon Armagnac,750mL,3,35.99,2016-12-31
50_MOUNTMEND_16468,50,MOUNTMEND,16468,Gerard Bertrand Chard Rsv Sp,750mL,3,13.99,2016-12-31
58_HARTLEPOOL_2482,58,HARTLEPOOL,2482,Clase Azul Reposado Tequila,750mL,5,89.99,2016-12-31
75_BARNCOMBE_8823,75,BARNCOMBE,8823,Leroux Apricot Brandy,750mL,13,7.99,2016-12-31
45_VERITAS_3489,45,VERITAS,3489,Tanqueray,1.75L,23,27.99,2016-12-31
79_BALLYMENA_20952,79,BALLYMENA,20952,Bouza Temp Tannat,750mL,3,24.99,2016-12-31
79_BALLYMENA_37313,79,BALLYMENA,37313,Salmon Run NY Rsl,750mL,37,11.99,2016-12-31
51_ABERDEEN_5364,51,ABERDEEN,5364,Kahlua,1.75L,199,29.99,2016-12-31
46__5058,46,,5058,Capt Morgan Long Isl Tea RTD,1.75L,0,17.99,2016-12-31
55_DRY GULCH_8609,55,DRY GULCH,8609,Duboeuf Beaujolais Villages,750mL,27,12.99,2016-12-31
39_EASTHALLOW_7956,39,EASTHALLOW,7956,Bayou Satsuma Rum Liqueur,50mL,72,0.99,2016-12-31
51_ABERDEEN_4722,51,ABERDEEN,4722,Remy Martin VSOP Cognac,750mL,15,34.99,2016-12-31
73_DONCASTER_15315,73,DONCASTER,15315,Middle Sister Sweet & Sassy,750mL,20,12.99,2016-12-31
76_DONCASTER_25531,76,DONCASTER,25531,BR Cohn Silver Cab Svgn Snm,750mL,18,20.99,2016-12-31
56_BEGGAR'S HOLE_8447,56,BEGGAR'S HOLE,8447,Studebaker Old Fashioned RTD,750mL,8,16.99,2016-12-31
24_PALPERROTH_2749,24,PALPERROTH,2749,John Begg Blue Cap,1.75L,6,16.99,2016-12-31
76_DONCASTER_4846,76,DONCASTER,4846,Cruzan Estate Diamond Dark,750mL,15,16.99,2016-12-31
59_CLAETHORPES_22192,59,CLAETHORPES,22192,Placido Chianti,1.5L,31,12.99,2016-12-31
38_GOULCREST_36844,38,GOULCREST,36844,Frey Chard Organic Mendocino,750mL,22,12.99,2016-12-31
55_DRY GULCH_5417,55,DRY GULCH,5417,Bols Triple Sec,Liter,32,7.99,2016-12-31
14_BROMWICH_4385,14,BROMWICH,4385,Parrot Bay 90 Coconut Capt,1.75L,10,24.99,2016-12-31
64_CESTERFIELD_12123,64,CESTERFIELD,12123,Barefoot Cellars Rsl,750mL,6,4.99,2016-12-31
63_SWORDBREAK_6828,63,SWORDBREAK,6828,Santa Rita RSV Cab Svgn,750mL,10,9.99,2016-12-31
32_MOUNTMEND_32749,32,MOUNTMEND,32749,Brancott Svgn Bl Marlboro,750mL,10,9.99,2016-12-31
54_GUTHRAM_19122,54,GUTHRAM,19122,Liberty School Merlot CC,750mL,19,14.99,2016-12-31
73_DONCASTER_15424,73,DONCASTER,15424,Santa Ema Cab Svgn Rsv,750mL,71,14.99,2016-12-31
46__45503,46,,45503,Rebel The Show Cab Svgn,750mL,0,9.99,2016-12-31
8_ALNERWICK_3579,8,ALNERWICK,3579,Ciroc Pineapple Vodka,375mL,4,15.49,2016-12-31
42_BLACK HOLLOW_3625,42,BLACK HOLLOW,3625,Absolut 80 Proof,750mL,53,17.99,2016-12-31
8_ALNERWICK_1226,8,ALNERWICK,1226,Lexington Bourbon,750mL,7,23.99,2016-12-31
74_PAENTMARWY_24408,74,PAENTMARWY,24408,Chapelle de Bastion Picpoul,750mL,7,9.99,2016-12-31
38_GOULCREST_4565,38,GOULCREST,4565,Christian Bros VS Brandy,750mL,19,9.49,2016-12-31
41_LARNWICK_37923,41,LARNWICK,37923,Five Rivers Cab Svgn,750mL,13,13.99,2016-12-31
34_PITMERDEN_26243,34,PITMERDEN,26243,A Proper Pink,750mL,10,12.99,2016-12-31
55_DRY GULCH_18507,55,DRY GULCH,18507,Cakebread Cab Svgn,750mL,13,64.99,2016-12-31
73_DONCASTER_26013,73,DONCASTER,26013,Toad Hollow Cab Svgn Lodi,750mL,46,8.79,2016-12-31
52_GRAYCOTT_21319,52,GRAYCOTT,21319,W Hill Est No Cst Svgn Blanc,750mL,15,12.99,2016-12-31
41_LARNWICK_41974,41,LARNWICK,41974,Beringer Classic Wh Znfdl,187mL 4 Pk,4,6.99,2016-12-31
68_SOLARIS_3533,68,SOLARIS,3533,Lidestri Pink Limoncello,750mL,7,18.99,2016-12-31
51_ABERDEEN_63,51,ABERDEEN,63,Herradura Reposado Tequila,750mL,3,38.99,2016-12-31
34_PITMERDEN_39981,34,PITMERDEN,39981,Little Penguin Merlot Ausl,1.5L,5,11.99,2016-12-31
38_GOULCREST_21469,38,GOULCREST,21469,St Supery Cab Svgn,750mL,16,32.99,2016-12-31
45_VERITAS_2606,45,VERITAS,2606,Glenmorangie Original 18Yr,750mL,4,99.99,2016-12-31
51_ABERDEEN_24778,51,ABERDEEN,24778,Rocca Delle Macie Chianti C,1.5L,4,21.99,2016-12-31
81_PEMBROKE_5076,81,PEMBROKE,5076,M Duffau Napoleon Armagnac,750mL,11,35.99,2016-12-31
55_DRY GULCH_8184,55,DRY GULCH,8184,Kahlua,50mL,132,1.99,2016-12-31
26_KNIFE'S EDGE_3782,26,KNIFE'S EDGE,3782,Grey Goose Le Citron Vodka,750mL,4,23.99,2016-12-31
18_FURNESS_3893,18,FURNESS,3893,Zhenka 80 Proof,1.75L,99,9.99,2016-12-31
47_PELLA'S WISH_3425,47,PELLA'S WISH,3425,Olmeca Altos Plata Tequila,750mL,4,21.99,2016-12-31
76_DONCASTER_27166,76,DONCASTER,27166,Dom Giraud 14 CdR Rouge,750mL,5,18.99,2016-12-31
50_MOUNTMEND_31465,50,MOUNTMEND,31465,Franzia Tap Chard,5L,33,17.99,2016-12-31
76_DONCASTER_11856,76,DONCASTER,11856,Albola Chianti,750mL,21,11.99,2016-12-31
12_LEESIDE_8264,12,LEESIDE,8264,Ch Ste Michelle Rsl,750mL,33,8.99,2016-12-31
54_GUTHRAM_8223,54,GUTHRAM,8223,Dom Chandon Blanc de Noir C,750mL,4,13.99,2016-12-31
23_ARBINGTON_19035,23,ARBINGTON,19035,Bollini Pinot Grigio,750mL,3,10.99,2016-12-31
38_GOULCREST_3315,38,GOULCREST,3315,Smirnoff Sorbet Rasp/Pomegra,50mL,49,0.99,2016-12-31
49_GARIGILL_1215,49,GARIGILL,1215,Tullibardine Sherry Finish,750mL,9,64.99,2016-12-31
34_PITMERDEN_4779,34,PITMERDEN,4779,Molletto Grappa di Barbera,750mL,6,26.99,2016-12-31
79_BALLYMENA_8172,79,BALLYMENA,8172,DK Burst Blustery Peppermint,50mL,107,0.99,2016-12-31
76_DONCASTER_31488,76,DONCASTER,31488,Barefoot Chard Cal,750mL,22,4.99,2016-12-31
77_TAMWORTH_26383,77,TAMWORTH,26383,Buehler Chard RRV,750mL,69,11.99,2016-12-31
40_BULLMAR_31452,40,BULLMAR,31452,Foxhorn SE Cab Svgn Australi,1.5L,9,7.99,2016-12-31
20_BREDWARDINE_23828,20,BREDWARDINE,23828,Ermisch Pnt Nr Erendira Rise,750mL,7,35.99,2016-12-31
6_GOULCREST_8700,6,GOULCREST,8700,Beringer Knights Vly Cab Svg,750mL,11,24.95,2016-12-31
11_CARDEND_43481,11,CARDEND,43481,Peter Paul Cab Svgn Napa,750mL,5,32.99,2016-12-31
25_CAERSHIRE_5491,25,CAERSHIRE,5491,Rumpleminze,50mL,41,1.99,2016-12-31
38_GOULCREST_4942,38,GOULCREST,4942,Cruzan 151 Aged Rum,750mL,4,19.99,2016-12-31
81_PEMBROKE_9361,81,PEMBROKE,9361,KAH Anejo Tequila,750mL,1,69.99,2016-12-31
11_CARDEND_2672,11,CARDEND,2672,Dewars White Label,50mL,100,2.29,2016-12-31
77_TAMWORTH_6368,77,TAMWORTH,6368,Santa Rita 120 Merlot,750mL,6,5.99,2016-12-31
22_SHARNWICK_22194,22,SHARNWICK,22194,Placido Pinot Grigio Venezi,1.5L,11,12.99,2016-12-31
74_PAENTMARWY_41713,74,PAENTMARWY,41713,Fish Eye Merlot,750mL,15,5.99,2016-12-31
20_BREDWARDINE_2628,20,BREDWARDINE,2628,Dewars Special RSV 12-Yr,750mL,37,29.99,2016-12-31
7_STANMORE_21469,7,STANMORE,21469,St Supery Cab Svgn,750mL,9,32.99,2016-12-31
52_GRAYCOTT_3690,52,GRAYCOTT,3690,Tanqueray Ten Gin,750mL,9,27.99,2016-12-31
71_CLARCTON_14342,71,CLARCTON,14342,Cupcake Pnt Nr,750mL,48,7.49,2016-12-31
4_EANVERNESS_4233,4,EANVERNESS,4233,Castillo Silver Label Rum,1.75L,55,10.99,2016-12-31
76_DONCASTER_25992,76,DONCASTER,25992,Murphy-Goode Cab Svgn Cal,750mL,18,12.99,2016-12-31
78_EASTHAVEN_1195,78,EASTHAVEN,1195,Baileys Pumpkin Spice,50mL,1,0.99,2016-12-31
79_BALLYMENA_8159,79,BALLYMENA,8159,Jose Cuervo Especial,1.75L,218,26.99,2016-12-31
2_ASHBORNE_6572,2,ASHBORNE,6572,Ch Greysac,750mL,15,16.99,2016-12-31
81_PEMBROKE_26947,81,PEMBROKE,26947,Ferrari-Carano Merlot,750mL,9,19.99,2016-12-31
56_BEGGAR'S HOLE_4007,56,BEGGAR'S HOLE,4007,Averna Amaro,750mL,6,29.99,2016-12-31
58_HARTLEPOOL_6975,58,HARTLEPOOL,6975,Jacobs Crk Chard,750mL,15,5.99,2016-12-31
79_BALLYMENA_14174,79,BALLYMENA,14174,Chalk Hill Estate Red,750mL,8,54.99,2016-12-31
34_PITMERDEN_41252,34,PITMERDEN,41252,Beringer Classic Pnt Grigio,1.5L,3,7.99,2016-12-31
55_DRY GULCH_2254,55,DRY GULCH,2254,Canadian Club Triple Aged,750mL,10,12.99,2016-12-31
6_GOULCREST_14250,6,GOULCREST,14250,Ruta 22 Malbec,750mL,4,11.99,2016-12-31
76_DONCASTER_2171,76,DONCASTER,2171,Pike Creek Canadian Whisky,750mL,3,21.99,2016-12-31
74_PAENTMARWY_161,74,PAENTMARWY,161,DeKuyper Pineapple,Liter,27,12.99,2016-12-31
73_DONCASTER_26560,73,DONCASTER,26560,Castello di Bossi Chianti Cl,750mL,21,15.99,2016-12-31
36_LEWES_3704,36,LEWES,3704,Ciroc Pineapple Vodka,750mL,12,24.99,2016-12-31
34_PITMERDEN_3750,34,PITMERDEN,3750,Margaritaville Island Lime,750mL,22,14.49,2016-12-31
61_AETHELNEY_8704,61,AETHELNEY,8704,Beringer Chard Napa Vly,750mL,16,19.99,2016-12-31
76_DONCASTER_11187,76,DONCASTER,11187,Phillips Rapture Cab Svgn,750mL,19,56.99,2016-12-31
15_WANBORNE_8728,15,WANBORNE,8728,Blue Nun Authentic White,1.5L,4,13.99,2016-12-31
52_GRAYCOTT_7969,52,GRAYCOTT,7969,Sandeman Founders RSV Port,750mL,4,13.99,2016-12-31
70_KELD_14539,70,KELD,14539,Dom de Dionysos La Deveze,750mL,8,14.99,2016-12-31
66_EANVERNESS_2737,66,EANVERNESS,2737,Teeling Irish Whiskey,750mL,19,34.99,2016-12-31
74_PAENTMARWY_3905,74,PAENTMARWY,3905,Deep Eddy Vodka,1.75L,22,22.99,2016-12-31
62_KILMARNOCK_4804,62,KILMARNOCK,4804,Rhum Barbancourt RSV Special,750mL,9,17.99,2016-12-31
43_WOLFORD_28262,43,WOLFORD,28262,Nathanson Creek Merlot,1.5L,7,7.99,2016-12-31
41_LARNWICK_13487,41,LARNWICK,13487,Brancaia Tre Rosso Toscana,750mL,9,17.99,2016-12-31
25_CAERSHIRE_38441,25,CAERSHIRE,38441,Toasted Head Cab Svgn,750mL,9,9.99,2016-12-31
79_BALLYMENA_17814,79,BALLYMENA,17814,Ruffino Chianti Clsc Rsv Gld,750mL,20,34.99,2016-12-31
74_PAENTMARWY_15009,74,PAENTMARWY,15009,Sean Minor Cab Svgn,750mL,7,19.99,2016-12-31
21_BALERNO_5058,21,BALERNO,5058,Capt Morgan Long Isl Tea RTD,1.75L,7,17.99,2016-12-31
10_HORNSEY_3827,10,HORNSEY,3827,Popov Vodka,1.75L,42,12.99,2016-12-31
67_EANVERNESS_23292,67,EANVERNESS,23292,Ch La Mission Haut Brion 11,750mL,3,439.99,2016-12-31
71_CLARCTON_659,71,CLARCTON,659,Rhum Barbancourt Estate RSV,750mL,5,33.99,2016-12-31
68_SOLARIS_8730,68,SOLARIS,8730,Ruffino Orvieto Clsc,750mL,9,7.99,2016-12-31
71_CLARCTON_3089,71,CLARCTON,3089,Evan Williams Honey Reserve,750mL,8,13.99,2016-12-31
50_MOUNTMEND_2347,50,MOUNTMEND,2347,GlenDronach Peated Scotch,750mL,14,67.99,2016-12-31
26_KNIFE'S EDGE_3706,26,KNIFE'S EDGE,3706,Pinnacle Citrus Vodka,1.75L,9,15.99,2016-12-31
55_DRY GULCH_26518,55,DRY GULCH,26518,Solimar Vinho Verde Branco,750mL,18,6.99,2016-12-31
67_EANVERNESS_2079,67,EANVERNESS,2079,Jack Daniels Sngl Barrel Rye,750mL,9,46.99,2016-12-31
30_CULCHETH_19127,30,CULCHETH,19127,Saracco Moscato d'Asti,750mL,10,15.99,2016-12-31
9_BLACKPOOL_8110,9,BLACKPOOL,8110,Tribuno Dry Vermouth,1.5L,9,8.99,2016-12-31
1_HARDERSFIELD_24404,1,HARDERSFIELD,24404,Carpineto Valcolomba Verment,750mL,12,11.99,2016-12-31
38_GOULCREST_17167,38,GOULCREST,17167,Kendall Jackson Vntr RSV Zin,750mL,17,9.99,2016-12-31
74_PAENTMARWY_22569,74,PAENTMARWY,22569,Bota Box Svgn Bl,3L,8,17.99,2016-12-31
29_AYLESBURY_3366,29,AYLESBURY,3366,Tanqueray Rangpur Gin,1.75L,5,35.99,2016-12-31
28_LARNWICK_26092,28,LARNWICK,26092,Blackstone Merlot Cal,750mL,29,7.99,2016-12-31
34_PITMERDEN_40106,34,PITMERDEN,40106,Peter Lehmann Clancy's Baros,750mL,15,12.99,2016-12-31
6_GOULCREST_39654,6,GOULCREST,39654,Sutter Home Pnt Grigio Cal,1.5L,7,9.99,2016-12-31
62_KILMARNOCK_8023,62,KILMARNOCK,8023,DeKuyper Triple Sec,750mL,24,4.49,2016-12-31
62_KILMARNOCK_19453,62,KILMARNOCK,19453,Wente Southern Hill Cab Svgn,750mL,13,13.99,2016-12-31
21_BALERNO_21178,21,BALERNO,21178,Sensi Dalcampo Chianti Rsva,750mL,4,17.99,2016-12-31
66_EANVERNESS_90011,66,EANVERNESS,90011,Ch Pichon Longville 12 Pauil,750mL,8,144.99,2016-12-31
64_CESTERFIELD_2721,64,CESTERFIELD,2721,Johnnie Walker Green Label,750mL,10,59.99,2016-12-31
5_SUTTON_13963,5,SUTTON,13963,Yellow Tail Pnt Nr,1.5L,7,9.99,2016-12-31
81_PEMBROKE_27288,81,PEMBROKE,27288,Gemma di Luna Sprkl Moscato,750mL,2,11.99,2016-12-31
6_GOULCREST_5142,6,GOULCREST,5142,Carolans Irish Cream,1.75L,6,22.99,2016-12-31
62_KILMARNOCK_3961,62,KILMARNOCK,3961,Grey Goose La Poire Vodka,750mL,15,23.99,2016-12-31
60_IRRAGIN_1880,60,IRRAGIN,1880,The Glenlivet Nadurra,750mL,2,67.99,2016-12-31
4_EANVERNESS_8444,4,EANVERNESS,8444,Tres Agaves Blanco Tequila,750mL,10,23.99,2016-12-31
7_STANMORE_1737,7,STANMORE,1737,Makers Mark,1.75L,36,49.99,2016-12-31
37_PAETHSMOUTH_41213,37,PAETHSMOUTH,41213,A to Z Pnt Nr Ore,750mL,13,16.99,2016-12-31
74_PAENTMARWY_23095,74,PAENTMARWY,23095,Glen Ellen Cab Svgn RSV,1.5L,59,6.99,2016-12-31
55_DRY GULCH_40559,55,DRY GULCH,40559,McManis Cab Svgn Cal,750mL,59,11.99,2016-12-31
26_KNIFE'S EDGE_5348,26,KNIFE'S EDGE,5348,St Brendans Irish Cream,750mL,13,10.99,2016-12-31
61_AETHELNEY_6824,61,AETHELNEY,6824,Kendall Jackson Pnt Nr Vtnr,750mL,58,14.99,2016-12-31
40_BULLMAR_8189,40,BULLMAR,8189,Camarena Silver Tequila,1.75L,7,31.99,2016-12-31
38_GOULCREST_10238,38,GOULCREST,10238,Layer Cake Primitivo Puglia,750mL,19,15.99,2016-12-31
62_KILMARNOCK_13940,62,KILMARNOCK,13940,Black Box Malbec,3L,5,18.99,2016-12-31
59_CLAETHORPES_8395,59,CLAETHORPES,8395,Casamigos Anejo,750mL,3,61.99,2016-12-31
61_AETHELNEY_5681,61,AETHELNEY,5681,Josiah Bartlett Apple Brandy,750mL,17,32.99,2016-12-31
44_PORTHCRAWL_13979,44,PORTHCRAWL,13979,Jos Phelps Pnt Nr,750mL,6,34.99,2016-12-31
50_MOUNTMEND_19834,50,MOUNTMEND,19834,Sauska Tokaji Aszu,500mL,10,72.99,2016-12-31
59_CLAETHORPES_3388,59,CLAETHORPES,3388,Seagrams Extra Dry Gin,750mL,6,9.99,2016-12-31
62_KILMARNOCK_9358,62,KILMARNOCK,9358,KAH Reposado Tequila,750mL,1,59.99,2016-12-31
10_HORNSEY_5090,10,HORNSEY,5090,El Charro Silver Tequila,750mL,16,12.99,2016-12-31
77_TAMWORTH_2145,77,TAMWORTH,2145,WolfHound Irish Whiskey,750mL,5,17.99,2016-12-31
8_ALNERWICK_8462,8,ALNERWICK,8462,Frangelico Hazelnut Liqueur,750mL,17,21.99,2016-12-31
41_LARNWICK_35960,41,LARNWICK,35960,Stags Leap Winery Chard Napa,750mL,17,29.99,2016-12-31
48_NORFOLK_33672,48,NORFOLK,33672,Toasted Head Merlot Cal,750mL,22,10.99,2016-12-31
71_CLARCTON_1396,71,CLARCTON,1396,Old Crow,1.75L,11,15.99,2016-12-31
32_MOUNTMEND_3038,32,MOUNTMEND,3038,Zhenka Raspberry Vodka,1.75L,14,8.99,2016-12-31
54_GUTHRAM_6864,54,GUTHRAM,6864,St Francis Chard,750mL,22,9.99,2016-12-31
9_BLACKPOOL_15979,9,BLACKPOOL,15979,Moonlight Meadery Wild,375mL,19,12.99,2016-12-31
56_BEGGAR'S HOLE_32479,56,BEGGAR'S HOLE,32479,Danzante Del Vnzi Pnt Grigio,750mL,12,10.99,2016-12-31
20_BREDWARDINE_7891,20,BREDWARDINE,7891,DeLeon Platinum Tequila,750mL,5,34.99,2016-12-31
79_BALLYMENA_15264,79,BALLYMENA,15264,Bridlewood Cab Svgn,750mL,15,10.99,2016-12-31
32_MOUNTMEND_25524,32,MOUNTMEND,25524,Z Alexander Brown Uncaged CS,750mL,11,14.99,2016-12-31
42_BLACK HOLLOW_2591,42,BLACK HOLLOW,2591,Cardhu Scotch,750mL,7,39.99,2016-12-31
4_EANVERNESS_6360,4,EANVERNESS,6360,Taylor Nys Cream Sherry,3L,5,13.99,2016-12-31
35_HALIVAARA_36378,35,HALIVAARA,36378,MezzaCorona Pnt Grigio,1.5L,66,10.99,2016-12-31
13_TARMSWORTH_13708,13,TARMSWORTH,13708,Bota Box Cab Svgn,3L,4,17.99,2016-12-31
58_HARTLEPOOL_3830,58,HARTLEPOOL,3830,Grey Goose L'Orange Vodka,750mL,11,23.99,2016-12-31
69_MOUNTMEND_7948,69,MOUNTMEND,7948,Bayou Silver Rum,50mL,84,0.99,2016-12-31
60_IRRAGIN_22867,60,IRRAGIN,22867,Vino Dious Cab Svgn 11,750mL,5,13.99,2016-12-31
36_LEWES_2100,36,LEWES,2100,Canadian Regal,1.75L,7,9.99,2016-12-31
81_PEMBROKE_21034,81,PEMBROKE,21034,Cyrus Cab Svgn Alex Vly,750mL,6,54.99,2016-12-31
50_MOUNTMEND_17882,50,MOUNTMEND,17882,Dewatsuru Kimoto Junmai Sake,720mL,3,24.49,2016-12-31
16_LUNDY_29212,16,LUNDY,29212,R Mondavi Merlot Pvt Sel,750mL,30,8.99,2016-12-31
19_WINTERVALE_3513,19,WINTERVALE,3513,Ciroc Snap Frost Vodka,750mL,19,24.99,2016-12-31
81_PEMBROKE_2062,81,PEMBROKE,2062,Woodford Reserve Bourbon,1.75L,10,60.99,2016-12-31
77_TAMWORTH_8296,77,TAMWORTH,8296,Knob Creek Smoked Maple,750mL,11,29.99,2016-12-31
78_EASTHAVEN_2767,78,EASTHAVEN,2767,Johnnie Walker Blue Label,750mL,5,191.99,2016-12-31
64_CESTERFIELD_23049,64,CESTERFIELD,23049,Benziger Svgn Bl N Cst,750mL,12,8.99,2016-12-31
68_SOLARIS_2025,68,SOLARIS,2025,J Seeds Apple Cider Whiskey,750mL,0,18.99,2016-12-31
54_GUTHRAM_4244,54,GUTHRAM,4244,Castillo Gold Rum,1.75L,0,9.99,2016-12-31
34_PITMERDEN_2464,34,PITMERDEN,2464,Pinnacle Gin,1.75L,13,13.49,2016-12-31
58_HARTLEPOOL_2756,58,HARTLEPOOL,2756,Jameson Caskmates,750mL,11,29.99,2016-12-31
27_MOUNTMEND_36770,27,MOUNTMEND,36770,Yellow Tail Cab Svgn Ausl,1.5L,15,8.95,2016-12-31
48_NORFOLK_36992,48,NORFOLK,36992,Duck Pond Willamette Pnt Nr,750mL,9,17.99,2016-12-31
35_HALIVAARA_38301,35,HALIVAARA,38301,Neirano Pitul Moscato d'Asti,750mL,8,11.99,2016-12-31
27_MOUNTMEND_12213,27,MOUNTMEND,12213,Evodia Garnacha Old Vine,750mL,19,8.99,2016-12-31
28_LARNWICK_6455,28,LARNWICK,6455,Folonari Pinot Grigio Venez,1.5L,18,14.99,2016-12-31
66_EANVERNESS_17918,66,EANVERNESS,17918,Tenuta San Guido Sassacia,1.5L,1,355.99,2016-12-31
34_PITMERDEN_5297,34,PITMERDEN,5297,Southern Comfort,750mL,19,13.99,2016-12-31
56_BEGGAR'S HOLE_3454,56,BEGGAR'S HOLE,3454,Pinnacle Pineapple,50mL,128,0.99,2016-12-31
42_BLACK HOLLOW_5989,42,BLACK HOLLOW,5989,Tanteo Jalapeno Tequila,50mL,15,2.99,2016-12-31
39_EASTHALLOW_36161,39,EASTHALLOW,36161,Ch Ste Michelle Pnt Gris Was,750mL,22,8.99,2016-12-31
67_EANVERNESS_43513,67,EANVERNESS,43513,Ch D'Yquem 05 Lur Saluces,750mL,1,599.99,2016-12-31
62_KILMARNOCK_2828,62,KILMARNOCK,2828,Barr Hill Tom Cat Aged Gin,750mL,5,44.99,2016-12-31
13_TARMSWORTH_35412,13,TARMSWORTH,35412,Yellow Tail Chard Ausl,1.5L,46,8.95,2016-12-31
32_MOUNTMEND_20912,32,MOUNTMEND,20912,Whitehall Tre Leoni Red Napa,750mL,5,26.99,2016-12-31
58_HARTLEPOOL_3423,58,HARTLEPOOL,3423,Beefeater,1.75L,36,26.99,2016-12-31
65_LUTON_24846,65,LUTON,24846,Franciscan Merlot Napa,750mL,7,18.99,2016-12-31
38_GOULCREST_23521,38,GOULCREST,23521,Insurrection Cab/Shiraz,750mL,18,10.99,2016-12-31
23_ARBINGTON_3936,23,ARBINGTON,3936,Stolichnaya,Liter,7,22.99,2016-12-31
69_MOUNTMEND_15357,69,MOUNTMEND,15357,Greystone Cellars Cab Svgn,750mL,5,10.99,2016-12-31
7_STANMORE_3295,7,STANMORE,3295,Tito's Handmade Vodka,375mL,26,11.99,2016-12-31
44_PORTHCRAWL_38651,44,PORTHCRAWL,38651,Carpineto Chianti Clsc,750mL,5,16.99,2016-12-31
34_PITMERDEN_19782,34,PITMERDEN,19782,Marques de Caceres Gran RSV,750mL,14,24.99,2016-12-31
76_DONCASTER_2125,76,DONCASTER,2125,Glenfiddich 14 Yr Barrel Rsv,750mL,60,49.99,2016-12-31
70_KELD_3529,70,KELD,3529,U V Vodka,1.75L,11,13.99,2016-12-31
64_CESTERFIELD_8642,64,CESTERFIELD,8642,Jose Cuervo RTD Pink Lemonad,1.75L,3,13.99,2016-12-31
25_CAERSHIRE_2795,25,CAERSHIRE,2795,George Dickel Rye,750mL,8,24.99,2016-12-31
34_PITMERDEN_20825,34,PITMERDEN,20825,Areo Pnt Nr,750mL,4,11.99,2016-12-31
25_CAERSHIRE_3500,25,CAERSHIRE,3500,Tito's Handmade Vodka,50mL,64,1.49,2016-12-31
19_WINTERVALE_7978,19,WINTERVALE,7978,M & R X Dry Vermouth,750mL,17,7.49,2016-12-31
42_BLACK HOLLOW_37433,42,BLACK HOLLOW,37433,C Y Toro Casillero Carmenere,750mL,17,9.99,2016-12-31
68_SOLARIS_42579,68,SOLARIS,42579,Voga del Venezie Pnt Grigio,750mL,27,9.99,2016-12-31
76_DONCASTER_24606,76,DONCASTER,24606,Fortant Cab Svgn,750mL,10,9.99,2016-12-31
66_EANVERNESS_12109,66,EANVERNESS,12109,La Crema Pnt Nr Monterey,750mL,23,18.99,2016-12-31
33_HORNSEY_44238,33,HORNSEY,44238,B & G Pnt Nr Bistro,750mL,10,7.99,2016-12-31
46__32749,46,,32749,Brancott Svgn Bl Marlboro,750mL,0,9.99,2016-12-31
60_IRRAGIN_18332,60,IRRAGIN,18332,Ch Daqueria Tavel Rose,750mL,0,13.99,2016-12-31
55_DRY GULCH_26258,55,DRY GULCH,26258,Ornellaia Bolgheri 13,750mL,6,199.99,2016-12-31
52_GRAYCOTT_27350,52,GRAYCOTT,27350,Almaden Cab Svgn Cal B/B,5L,6,15.99,2016-12-31
48_NORFOLK_5027,48,NORFOLK,5027,99 Apples Schnapps Liqueur,750mL,13,11.99,2016-12-31
60_IRRAGIN_8838,60,IRRAGIN,8838,Ch Ste Michelle Cab Svgn Col,750mL,27,12.99,2016-12-31
70_KELD_27835,70,KELD,27835,Wild Horse CC Pnt Nr,750mL,12,15.99,2016-12-31
35_HALIVAARA_12109,35,HALIVAARA,12109,La Crema Pnt Nr Monterey,750mL,26,18.99,2016-12-31
79_BALLYMENA_22524,79,BALLYMENA,22524,Dry Creek Vyds Est Block 10,750mL,14,29.99,2016-12-31
23_ARBINGTON_41711,23,ARBINGTON,41711,Fish Eye Cab Svgn,750mL,42,5.99,2016-12-31
49_GARIGILL_19376,49,GARIGILL,19376,The Naked Grape Pnt Grigio,3L,7,15.99,2016-12-31
7_STANMORE_6448,7,STANMORE,6448,Dubonnet Rouge,750mL,4,10.49,2016-12-31
39_EASTHALLOW_8696,39,EASTHALLOW,8696,Gekkeikan Plum Wine,750mL,12,10.99,2016-12-31
35_HALIVAARA_2756,35,HALIVAARA,2756,Jameson Caskmates,750mL,14,29.99,2016-12-31
38_GOULCREST_11219,38,GOULCREST,11219,Josh Cellars Cab Svgn,750mL,131,12.99,2016-12-31
35_HALIVAARA_15428,35,HALIVAARA,15428,Ruffino Prosecco Sparkling,750mL,31,9.99,2016-12-31
50_MOUNTMEND_22043,50,MOUNTMEND,22043,Five Oaks Wh Moscato,750mL,1,3.79,2016-12-31
67_EANVERNESS_39775,67,EANVERNESS,39775,Bogle Svgn Bl Cal,750mL,30,8.99,2016-12-31
77_TAMWORTH_802,77,TAMWORTH,802,Bacardi Torched Cherry Rum,750mL,6,9.99,2016-12-31
64_CESTERFIELD_15675,64,CESTERFIELD,15675,Six Hats Shiraz,750mL,3,9.99,2016-12-31
8_ALNERWICK_2640,8,ALNERWICK,2640,Michter's Small Batch Bourbn,750mL,4,41.99,2016-12-31
55_DRY GULCH_46765,55,DRY GULCH,46765,Tom Eddy Cab Svgn Napa,750mL,6,77.99,2016-12-31
6_GOULCREST_29169,6,GOULCREST,29169,Franzia Tap Merlot,5L,8,17.99,2016-12-31
54_GUTHRAM_4565,54,GUTHRAM,4565,Christian Bros VS Brandy,750mL,17,9.49,2016-12-31
20_BREDWARDINE_18013,20,BREDWARDINE,18013,Cecchi Sangiovese,750mL,44,8.99,2016-12-31
41_LARNWICK_2661,41,LARNWICK,2661,Laphroaig Cask Strength 10Yr,750mL,38,70.99,2016-12-31
46__21208,46,,21208,Kendall Jackson Grand Rsv Ch,750mL,0,15.99,2016-12-31
4_EANVERNESS_5364,4,EANVERNESS,5364,Kahlua,1.75L,77,29.99,2016-12-31
1_HARDERSFIELD_24798,1,HARDERSFIELD,24798,The Pinot Project Pnt Nr,750mL,8,13.99,2016-12-31
9_BLACKPOOL_4380,9,BLACKPOOL,4380,Ron Virgin Heavy Bodied Rum,1.75L,16,13.99,2016-12-31
66_EANVERNESS_3298,66,EANVERNESS,3298,Bully Boy Boston Rum,750mL,10,26.99,2016-12-31
77_TAMWORTH_3863,77,TAMWORTH,3863,Evan Williams Honey Reserve,1.75L,22,19.99,2016-12-31
52_GRAYCOTT_6967,52,GRAYCOTT,6967,Santa Margherita Pnt Grigio,750mL,10,19.99,2016-12-31
10_HORNSEY_3549,10,HORNSEY,3549,Ketel One Vodka,750mL,88,22.99,2016-12-31
22_SHARNWICK_37604,22,SHARNWICK,37604,Hardys Chard Ausl,3L,6,19.99,2016-12-31
7_STANMORE_513,7,STANMORE,513,Ocean Vodka,750mL,2,29.99,2016-12-31
56_BEGGAR'S HOLE_31203,56,BEGGAR'S HOLE,31203,Beringer Fndrs Est Merlot,750mL,19,8.99,2016-12-31
60_IRRAGIN_5903,60,IRRAGIN,5903,Ole Smoky Hunch Punch Moonsh,50mL,720,1.99,2016-12-31
39_EASTHALLOW_42422,39,EASTHALLOW,42422,Firesteed Pnt Nr Ore,750mL,48,12.99,2016-12-31
81_PEMBROKE_8072,81,PEMBROKE,8072,Taittinger Brut La Francais,750mL,29,36.99,2016-12-31
55_DRY GULCH_42874,55,DRY GULCH,42874,Decoy by Duckhorn Red,750mL,85,16.95,2016-12-31
59_CLAETHORPES_11915,59,CLAETHORPES,11915,Sequoia Grove Cab Svgn,750mL,14,31.99,2016-12-31
26_KNIFE'S EDGE_26285,26,KNIFE'S EDGE,26285,Moet & Chandon Imperial,1.5L,3,69.99,2016-12-31
81_PEMBROKE_35375,81,PEMBROKE,35375,Hess Allomi Cab Svgn,750mL,23,29.99,2016-12-31
50_MOUNTMEND_35392,50,MOUNTMEND,35392,Tohu Chard Marlborough NZ,750mL,18,13.99,2016-12-31
66_EANVERNESS_2079,66,EANVERNESS,2079,Jack Daniels Sngl Barrel Rye,750mL,14,46.99,2016-12-31
2_ASHBORNE_6390,2,ASHBORNE,6390,Chamucos Blanco Tequila,750mL,3,33.99,2016-12-31
51_ABERDEEN_1249,51,ABERDEEN,1249,Jim Beam Apple,1.75L,8,24.99,2016-12-31
61_AETHELNEY_15009,61,AETHELNEY,15009,Sean Minor Cab Svgn,750mL,6,19.99,2016-12-31
60_IRRAGIN_36200,60,IRRAGIN,36200,Four Vines Old Vine Zin,750mL,13,11.99,2016-12-31
69_MOUNTMEND_3228,69,MOUNTMEND,3228,Ciroc Mango Vodka,50mL,60,1.99,2016-12-31
73_DONCASTER_4149,73,DONCASTER,4149,Sailor Jerry Spiced Navy Rum,50mL,75,1.49,2016-12-31
69_MOUNTMEND_23773,69,MOUNTMEND,23773,Ch Prieure Lichine 12 Mrgx,750mL,3,51.99,2016-12-31
50_MOUNTMEND_3861,50,MOUNTMEND,3861,Zhenka 100 Vodka Traveler,750mL,313,4.99,2016-12-31
40_BULLMAR_5697,40,BULLMAR,5697,Metcalfe's Maple Liqueur,750mL,1,19.99,2016-12-31
50_MOUNTMEND_21769,50,MOUNTMEND,21769,Eden Sparkling Cider,375mL,21,9.79,2016-12-31
70_KELD_8741,70,KELD,8741,J Drouhin Chablis,750mL,11,24.99,2016-12-31
20_BREDWARDINE_26646,20,BREDWARDINE,26646,Guenoc Petite Sirah N Cst,750mL,10,14.99,2016-12-31
76_DONCASTER_4945,76,DONCASTER,4945,Jacquin Ginger Brandy,750mL,27,9.49,2016-12-31
68_SOLARIS_5707,68,SOLARIS,5707,Art in the Age Rhubarb Tea,750mL,6,32.99,2016-12-31
68_SOLARIS_485,68,SOLARIS,485,Seagrams 7 Crown,Liter,9,12.99,2016-12-31
72_HARDERSFIELD_16326,72,HARDERSFIELD,16326,Black Box Cab Svgn,500mL,16,3.99,2016-12-31
41_LARNWICK_21467,41,LARNWICK,21467,La Clarence de Haut Brion PL,750mL,2,118.99,2016-12-31
33_HORNSEY_8040,33,HORNSEY,8040,Bols Blue Curacao,750mL,19,7.99,2016-12-31
67_EANVERNESS_27494,67,EANVERNESS,27494,F Coppola Derctor Jaws Chard,750mL,11,18.99,2016-12-31
10_HORNSEY_35049,10,HORNSEY,35049,Ch Pesquie Cotes du Ventoux,750mL,17,12.99,2016-12-31
43_WOLFORD_31487,43,WOLFORD,31487,Barefoot Bubbly Brut Cve,750mL,0,6.95,2016-12-31
34_PITMERDEN_18535,34,PITMERDEN,18535,Candia Vyds Ice Storm,375mL,10,27.99,2016-12-31
19_WINTERVALE_14381,19,WINTERVALE,14381,LaBelle Winery Riesling,750mL,12,15.99,2016-12-31
69_MOUNTMEND_16669,69,MOUNTMEND,16669,Sweet Baby Vyds Blueberry,750mL,12,12.99,2016-12-31
46__3421,46,,3421,Stolichnaya Blueberi,50mL,0,1.99,2016-12-31
15_WANBORNE_19160,15,WANBORNE,19160,Tommasi Tenuta Filo Prosecco,750mL,10,14.99,2016-12-31
40_BULLMAR_3306,40,BULLMAR,3306,Hammer & Sickle Vodka,1.75L,3,39.99,2016-12-31
32_MOUNTMEND_6266,32,MOUNTMEND,6266,Gallo Fairbanks Sherry,1.5L,12,7.79,2016-12-31
15_WANBORNE_887,15,WANBORNE,887,DeKuyper Razzmatazz,Liter,4,12.99,2016-12-31
31_HORNSEY_1271,31,HORNSEY,1271,Jeffersons Reserve Bourbon,750mL,3,49.99,2016-12-31
76_DONCASTER_2752,76,DONCASTER,2752,Johnnie Walker Black Label,750mL,44,35.99,2016-12-31
64_CESTERFIELD_4346,64,CESTERFIELD,4346,Mr Boston Dark Rum,1.75L,8,9.99,2016-12-31
12_LEESIDE_35411,12,LEESIDE,35411,Yellow Tail Chard Ausl,750mL,14,7.99,2016-12-31
19_WINTERVALE_1727,19,WINTERVALE,1727,West Cork Irish Whiskey,750mL,5,21.99,2016-12-31
49_GARIGILL_5989,49,GARIGILL,5989,Tanteo Jalapeno Tequila,50mL,27,2.99,2016-12-31
54_GUTHRAM_32649,54,GUTHRAM,32649,Beringer Classic Wh Merlot,1.5L,14,7.99,2016-12-31
48_NORFOLK_3632,48,NORFOLK,3632,Ashuelot Vodka,750mL,8,28.49,2016-12-31
42_BLACK HOLLOW_3683,42,BLACK HOLLOW,3683,Stolichnaya Ohranj,750mL,14,16.99,2016-12-31
36_LEWES_3905,36,LEWES,3905,Deep Eddy Vodka,1.75L,2,22.99,2016-12-31
2_ASHBORNE_35862,2,ASHBORNE,35862,Allegrini Palazzo Della Tor,750mL,21,19.99,2016-12-31
23_ARBINGTON_35941,23,ARBINGTON,35941,Rancho Zabaco Dncg Bul Znfdl,750mL,8,8.99,2016-12-31
41_LARNWICK_3820,41,LARNWICK,3820,Smirnoff Citrus Vodka,1.75L,32,18.99,2016-12-31
28_LARNWICK_2436,28,LARNWICK,2436,Crown Royal,375mL,9,14.99,2016-12-31
73_DONCASTER_37601,73,DONCASTER,37601,Hardys Cab Svgn Ausl,3L,17,19.99,2016-12-31
74_PAENTMARWY_37785,74,PAENTMARWY,37785,Lindemans Bin 40 Merlot,1.5L,18,11.99,2016-12-31
48_NORFOLK_21864,48,NORFOLK,21864,Dom Carneros Brut,750mL,11,24.99,2016-12-31
75_BARNCOMBE_8737,75,BARNCOMBE,8737,Freixenet Cordon Negro Brut,750mL,6,11.99,2016-12-31
21_BALERNO_23650,21,BALERNO,23650,Tom Gore Chardonnay CA,750mL,13,12.99,2016-12-31
14_BROMWICH_5891,14,BROMWICH,5891,Ryans Irish Cream,1.75L,16,15.99,2016-12-31
67_EANVERNESS_3787,67,EANVERNESS,3787,Jose Cuervo Especial Silver,750mL,74,15.99,2016-12-31
33_HORNSEY_42115,33,HORNSEY,42115,Jewell Towne Cab Svgn NH,750mL,10,22.49,2016-12-31
68_SOLARIS_25373,68,SOLARIS,25373,Sella & Mosca RSV Cannonau,750mL,6,12.99,2016-12-31
59_CLAETHORPES_8000,59,CLAETHORPES,8000,The Glenlivet 12 Yr Single,1.75L,30,69.99,2016-12-31
1_HARDERSFIELD_17957,1,HARDERSFIELD,17957,Bluebird Pinot Noir,750mL,8,14.99,2016-12-31
75_BARNCOMBE_5893,75,BARNCOMBE,5893,Ole Smoky Wh Lightin'Moonshn,50mL,1,1.99,2016-12-31
47_PELLA'S WISH_42602,47,PELLA'S WISH,42602,3 Blind Moose Chard Cal,750mL,3,8.99,2016-12-31
79_BALLYMENA_2636,79,BALLYMENA,2636,Nikka Whisky Taketsuru 12 Yr,750mL,0,68.99,2016-12-31
51_ABERDEEN_25649,51,ABERDEEN,25649,De Loach Chard Cal,750mL,4,9.99,2016-12-31
75_BARNCOMBE_35318,75,BARNCOMBE,35318,Jewell Towne Marechal Foch,750mL,8,11.49,2016-12-31
68_SOLARIS_3857,68,SOLARIS,3857,Grey Goose Vodka,1.75L,40,49.99,2016-12-31
78_EASTHAVEN_8218,78,EASTHAVEN,8218,Camarena Reposado Tequila,1.75L,7,31.99,2016-12-31
79_BALLYMENA_23191,79,BALLYMENA,23191,Clos Pegase Svgn Bl Napa,750mL,68,14.99,2016-12-31
66_EANVERNESS_5018,66,EANVERNESS,5018,E&J Apple Brandy,50mL,45,0.99,2016-12-31
70_KELD_1396,70,KELD,1396,Old Crow,1.75L,13,15.99,2016-12-31
49_GARIGILL_5370,49,GARIGILL,5370,DiSaronno Rsva Ltd Edition,750mL,2,349.99,2016-12-31
55_DRY GULCH_25643,55,DRY GULCH,25643,Kunde Magnolia Lane Svgn Bl,750mL,20,14.99,2016-12-31
69_MOUNTMEND_4054,69,MOUNTMEND,4054,Patron XO Cafe Liqueur,375mL,10,12.99,2016-12-31
7_STANMORE_29128,7,STANMORE,29128,Sutter Home Merlot Cal,187mL 4 Pk,17,5.99,2016-12-31
71_CLARCTON_3746,71,CLARCTON,3746,Gordons Vodka 80 Proof,1.75L,16,12.99,2016-12-31
64_CESTERFIELD_18641,64,CESTERFIELD,18641,Yellow Tail Big Bold Red,1.5L,23,8.95,2016-12-31
67_EANVERNESS_25853,67,EANVERNESS,25853,Purple Heart Red,750mL,21,16.99,2016-12-31
38_GOULCREST_5375,38,GOULCREST,5375,Petrone Limoncello,750mL,9,19.99,2016-12-31
73_DONCASTER_39110,73,DONCASTER,39110,Gekkeikan Sake Horin,300mL,17,11.49,2016-12-31
71_CLARCTON_25021,71,CLARCTON,25021,Mark West Black Pnt Nr,750mL,9,10.99,2016-12-31
2_ASHBORNE_2152,2,ASHBORNE,2152,New Amsterdam Gin,750mL,27,10.99,2016-12-31
49_GARIGILL_19662,49,GARIGILL,19662,Santa Rita 120 Svgn Bl,750mL,12,5.99,2016-12-31
20_BREDWARDINE_29649,20,BREDWARDINE,29649,St Hilaire Blanc de Blancs,750mL,5,13.99,2016-12-31
10_HORNSEY_2847,10,HORNSEY,2847,The Quiet Man Irish Whiskey,750mL,3,29.99,2016-12-31
63_SWORDBREAK_8200,63,SWORDBREAK,8200,Chambord Liqueur de France,50mL,16,2.99,2016-12-31
41_LARNWICK_4412,41,LARNWICK,4412,Pusser's British Navy Rum,750mL,19,17.99,2016-12-31
59_CLAETHORPES_3423,59,CLAETHORPES,3423,Beefeater,1.75L,38,26.99,2016-12-31
55_DRY GULCH_20398,55,DRY GULCH,20398,I Lauri Bajo Montepul d'Abru,750mL,18,8.99,2016-12-31
34_PITMERDEN_5075,34,PITMERDEN,5075,Tuaca Italian Liqueur,750mL,0,21.99,2016-12-31
44_PORTHCRAWL_4625,44,PORTHCRAWL,4625,Courvoisier XO Cognac,750mL,5,139.99,2016-12-31
25_CAERSHIRE_11825,25,CAERSHIRE,11825,Cupcake Cab Svgn,750mL,43,7.49,2016-12-31
49_GARIGILL_13097,49,GARIGILL,13097,Menage a Trois Gold Chard,750mL,15,8.99,2016-12-31
37_PAETHSMOUTH_8897,37,PAETHSMOUTH,8897,Moet & Chandon Brut Imprl Ro,750mL,11,49.99,2016-12-31
34_PITMERDEN_3620,34,PITMERDEN,3620,Powers Signature Release,750mL,20,39.99,2016-12-31
48_NORFOLK_376,48,NORFOLK,376,Aperol Liqueur,750mL,6,28.99,2016-12-31
8_ALNERWICK_3689,8,ALNERWICK,3689,Stolichnaya Vanil,750mL,8,16.99,2016-12-31
68_SOLARIS_7302,68,SOLARIS,7302,Marques de Caceres Rioja Re,750mL,21,10.99,2016-12-31
38_GOULCREST_6346,38,GOULCREST,6346,Amaretto Villa Vittoria Liq,750mL,16,16.99,2016-12-31
61_AETHELNEY_5444,61,AETHELNEY,5444,E & J Superior RSV VSOP,1.75L,15,19.99,2016-12-31
16_LUNDY_3754,16,LUNDY,3754,Smirnoff Blueberry Vodka,750mL,17,10.99,2016-12-31
54_GUTHRAM_20533,54,GUTHRAM,20533,Bread & Butter Chard,750mL,7,12.99,2016-12-31
7_STANMORE_2946,7,STANMORE,2946,Highland Park 15 Yr Old,750mL,2,99.99,2016-12-31
50_MOUNTMEND_23038,50,MOUNTMEND,23038,Zenato Lugana Brut,750mL,5,29.99,2016-12-31
76_DONCASTER_39348,76,DONCASTER,39348,Sterling Vintners Cltn Pnt N,750mL,35,9.99,2016-12-31
33_HORNSEY_7130,33,HORNSEY,7130,Smirnoff Green Apple Vodka,1.75L,5,15.99,2016-12-31
38_GOULCREST_283,38,GOULCREST,283,Milagro Tequila Reposado SBR,750mL,8,57.99,2016-12-31
73_DONCASTER_26530,73,DONCASTER,26530,Corbett Canyon Merlot,1.5L,15,8.99,2016-12-31
50_MOUNTMEND_5148,50,MOUNTMEND,5148,St Brendans Irish Cream,1.75L,17,17.99,2016-12-31
45_VERITAS_1746,45,VERITAS,1746,Tomatin 12 Yr Old Scotch,750mL,4,31.99,2016-12-31
71_CLARCTON_8096,71,CLARCTON,8096,Beefeater Gin,50mL,9,1.99,2016-12-31
5_SUTTON_6329,5,SUTTON,6329,R M Woodbridge Wh Znfdl Cal,1.5L,8,8.99,2016-12-31
46__661,46,,661,Red Stag by Jim Beam,750mL,0,14.99,2016-12-31
34_PITMERDEN_25754,34,PITMERDEN,25754,Barefoot Refresh Summer Whit,250mL 4 Pk,9,7.99,2016-12-31
53_HILLFAR_1121,53,HILLFAR,1121,Old St Andrews Tumbler Pack,50mL,1,3.99,2016-12-31
51_ABERDEEN_27854,51,ABERDEEN,27854,F Coppola Black Label Claret,750mL,22,16.99,2016-12-31
6_GOULCREST_2107,6,GOULCREST,2107,Rebel Yell Ginger Bourbon,50mL,84,0.99,2016-12-31
69_MOUNTMEND_18106,69,MOUNTMEND,18106,Barefoot Cellars Pink Moscat,1.5L,33,10.99,2016-12-31
44_PORTHCRAWL_4235,44,PORTHCRAWL,4235,Sailor Jerry Spiced Rum,375mL,68,9.99,2016-12-31
47_PELLA'S WISH_3316,47,PELLA'S WISH,3316,Ciroc Peach Vodka,375mL,4,15.49,2016-12-31
64_CESTERFIELD_2878,64,CESTERFIELD,2878,Hudson Four Grain Bourbon,375mL,7,39.99,2016-12-31
59_CLAETHORPES_12111,59,CLAETHORPES,12111,LaBelle Winery Cranberry,750mL,6,15.99,2016-12-31
20_BREDWARDINE_3863,20,BREDWARDINE,3863,Evan Williams Honey Reserve,1.75L,7,19.99,2016-12-31
4_EANVERNESS_523,4,EANVERNESS,523,Castello Del Poggio Moscato,750mL,8,9.99,2016-12-31
67_EANVERNESS_20475,67,EANVERNESS,20475,Hayes Valley Cab Svgn CC,750mL,24,9.99,2016-12-31
62_KILMARNOCK_8691,62,KILMARNOCK,8691,Jose Cuervo Especial,750mL,45,15.99,2016-12-31
50_MOUNTMEND_10957,50,MOUNTMEND,10957,Seaglass Svgn Bl Snt Barbara,750mL,35,8.99,2016-12-31
1_HARDERSFIELD_6651,1,HARDERSFIELD,6651,Rocca Delle Macie Chianti C,750mL,25,11.99,2016-12-31
50_MOUNTMEND_8351,50,MOUNTMEND,8351,Arrow Kirsch,750mL,15,10.99,2016-12-31
19_WINTERVALE_14006,19,WINTERVALE,14006,Apothic Winemakers Red Blend,750mL,66,7.99,2016-12-31
37_PAETHSMOUTH_43434,37,PAETHSMOUTH,43434,Phillips Earthquake Cab Svgn,750mL,7,24.99,2016-12-31
47_PELLA'S WISH_8497,47,PELLA'S WISH,8497,Kamora Coffee,750mL,13,9.99,2016-12-31
9_BLACKPOOL_5741,9,BLACKPOOL,5741,Merry Wh Chocolate Liqueur,750mL,3,14.99,2016-12-31
61_AETHELNEY_2254,61,AETHELNEY,2254,Canadian Club Triple Aged,750mL,11,12.99,2016-12-31
15_WANBORNE_4994,15,WANBORNE,4994,Laird's Jersey Lightning,750mL,24,19.99,2016-12-31
77_TAMWORTH_2202,77,TAMWORTH,2202,Karner Blue Gin,750mL,1,29.99,2016-12-31
66_EANVERNESS_45240,66,EANVERNESS,45240,Nino Franco Prosecco Rustic,750mL,3,18.99,2016-12-31
62_KILMARNOCK_2958,62,KILMARNOCK,2958,Dalwhinnie 15-Yr Single Mal,750mL,9,57.99,2016-12-31
15_WANBORNE_25531,15,WANBORNE,25531,BR Cohn Silver Cab Svgn Snm,750mL,4,20.99,2016-12-31
52_GRAYCOTT_8840,52,GRAYCOTT,8840,Burnetts Gin,1.75L,23,11.99,2016-12-31
72_HARDERSFIELD_29212,72,HARDERSFIELD,29212,R Mondavi Merlot Pvt Sel,750mL,36,8.99,2016-12-31
44_PORTHCRAWL_8515,44,PORTHCRAWL,8515,Baileys Chocolate Cherry,750mL,28,19.99,2016-12-31
69_MOUNTMEND_6599,69,MOUNTMEND,6599,Estancia Cab Svgn Paso Roble,750mL,95,12.99,2016-12-31
71_CLARCTON_8678,71,CLARCTON,8678,Banfi Chianti Clsc RSV,750mL,72,16.99,2016-12-31
34_PITMERDEN_13694,34,PITMERDEN,13694,MacMurray Ranch Chard Sonoma,750mL,16,15.99,2016-12-31
4_EANVERNESS_2821,4,EANVERNESS,2821,Auchentoshan American Oak,750mL,7,37.99,2016-12-31
60_IRRAGIN_438,60,IRRAGIN,438,Licor 43 Vanilla Liqueur,750mL,15,17.99,2016-12-31
75_BARNCOMBE_8452,75,BARNCOMBE,8452,Cruzan Aged Light Rum,1.75L,4,16.99,2016-12-31
8_ALNERWICK_46764,8,ALNERWICK,46764,Clayhouse Adobe Red Paso Rbl,750mL,6,11.99,2016-12-31
58_HARTLEPOOL_8780,58,HARTLEPOOL,8780,Sandeman Fine Rich Madeira,750mL,10,15.99,2016-12-31
21_BALERNO_2610,21,BALERNO,2610,Glenmorangie Signet Sng Malt,750mL,1,189.99,2016-12-31
81_PEMBROKE_32263,81,PEMBROKE,32263,Lindemans Bin 65 Chard,1.5L,59,14.99,2016-12-31
76_DONCASTER_33326,76,DONCASTER,33326,Jacobs Crk Shiraz,750mL,16,5.99,2016-12-31
28_LARNWICK_8118,28,LARNWICK,8118,Mr Boston Blackberry Brandy,750mL,11,5.99,2016-12-31
6_GOULCREST_31971,6,GOULCREST,31971,Trinchero Main St Cab Svgn,750mL,7,8.99,2016-12-31
35_HALIVAARA_8040,35,HALIVAARA,8040,Bols Blue Curacao,750mL,8,7.99,2016-12-31
